Starting R package installation...
===========================================

Installing CRAN packages...
Installing CRAN package: cowplot 
Installing package into ‘/home/runner/work/_temp/Library’
(as ‘lib’ is unspecified)
also installing the dependencies ‘sys’, ‘askpass’, ‘formatR’, ‘lazyeval’, ‘openssl’, ‘utf8’, ‘pkgconfig’, ‘proxy’, ‘stringi’, ‘pkgbuild’, ‘rprojroot’, ‘crayon’, ‘lambda.r’, ‘futile.options’, ‘isoband’, ‘S7’, ‘vctrs’, ‘withr’, ‘farver’, ‘labeling’, ‘RColorBrewer’, ‘viridisLite’, ‘rex’, ‘httr’, ‘generics’, ‘magrittr’, ‘pillar’, ‘tibble’, ‘tidyselect’, ‘Rcpp’, ‘curl’, ‘e1071’, ‘systemfonts’, ‘textshaping’, ‘brio’, ‘callr’, ‘desc’, ‘pkgload’, ‘praise’, ‘processx’, ‘ps’, ‘waldo’, ‘purrr’, ‘stringr’, ‘cpp11’, ‘diffobj’, ‘xml2’, ‘futile.logger’, ‘ggplot2’, ‘gtable’, ‘scales’, ‘Cairo’, ‘covr’, ‘dplyr’, ‘forcats’, ‘gridGraphics’, ‘magick’, ‘maps’, ‘PASWR’, ‘patchwork’, ‘ragg’, ‘testthat’, ‘tidyr’, ‘vdiffr’, ‘VennDiagram’

trying URL 'https://cloud.r-project.org/src/contrib/sys_3.4.3.tar.gz'
trying URL 'https://cloud.r-project.org/src/contrib/askpass_1.2.1.tar.gz'
trying URL 'https://cloud.r-project.org/src/contrib/formatR_1.14.tar.gz'
trying URL 'https://cloud.r-project.org/src/contrib/lazyeval_0.2.2.tar.gz'
trying URL 'https://cloud.r-project.org/src/contrib/openssl_2.3.4.tar.gz'
trying URL 'https://cloud.r-project.org/src/contrib/utf8_1.2.6.tar.gz'
trying URL 'https://cloud.r-project.org/src/contrib/pkgconfig_2.0.3.tar.gz'
trying URL 'https://cloud.r-project.org/src/contrib/proxy_0.4-27.tar.gz'
trying URL 'https://cloud.r-project.org/src/contrib/stringi_1.8.7.tar.gz'
trying URL 'https://cloud.r-project.org/src/contrib/pkgbuild_1.4.8.tar.gz'
trying URL 'https://cloud.r-project.org/src/contrib/rprojroot_2.1.1.tar.gz'
trying URL 'https://cloud.r-project.org/src/contrib/crayon_1.5.3.tar.gz'
trying URL 'https://cloud.r-project.org/src/contrib/lambda.r_1.2.4.tar.gz'
trying URL 'https://cloud.r-project.org/src/contrib/futile.options_1.0.1.tar.gz'
trying URL 'https://cloud.r-project.org/src/contrib/isoband_0.3.0.tar.gz'
trying URL 'https://cloud.r-project.org/src/contrib/S7_0.2.1.tar.gz'
trying URL 'https://cloud.r-project.org/src/contrib/vctrs_0.6.5.tar.gz'
trying URL 'https://cloud.r-project.org/src/contrib/withr_3.0.2.tar.gz'
trying URL 'https://cloud.r-project.org/src/contrib/farver_2.1.2.tar.gz'
trying URL 'https://cloud.r-project.org/src/contrib/labeling_0.4.3.tar.gz'
trying URL 'https://cloud.r-project.org/src/contrib/RColorBrewer_1.1-3.tar.gz'
trying URL 'https://cloud.r-project.org/src/contrib/viridisLite_0.4.2.tar.gz'
trying URL 'https://cloud.r-project.org/src/contrib/rex_1.2.1.tar.gz'
trying URL 'https://cloud.r-project.org/src/contrib/httr_1.4.7.tar.gz'
trying URL 'https://cloud.r-project.org/src/contrib/generics_0.1.4.tar.gz'
trying URL 'https://cloud.r-project.org/src/contrib/magrittr_2.0.4.tar.gz'
trying URL 'https://cloud.r-project.org/src/contrib/pillar_1.11.1.tar.gz'
trying URL 'https://cloud.r-project.org/src/contrib/tibble_3.3.0.tar.gz'
trying URL 'https://cloud.r-project.org/src/contrib/tidyselect_1.2.1.tar.gz'
trying URL 'https://cloud.r-project.org/src/contrib/Rcpp_1.1.0.tar.gz'
trying URL 'https://cloud.r-project.org/src/contrib/curl_7.0.0.tar.gz'
trying URL 'https://cloud.r-project.org/src/contrib/e1071_1.7-16.tar.gz'
trying URL 'https://cloud.r-project.org/src/contrib/systemfonts_1.3.1.tar.gz'
trying URL 'https://cloud.r-project.org/src/contrib/textshaping_1.0.4.tar.gz'
trying URL 'https://cloud.r-project.org/src/contrib/brio_1.1.5.tar.gz'
trying URL 'https://cloud.r-project.org/src/contrib/callr_3.7.6.tar.gz'
trying URL 'https://cloud.r-project.org/src/contrib/desc_1.4.3.tar.gz'
trying URL 'https://cloud.r-project.org/src/contrib/pkgload_1.4.1.tar.gz'
trying URL 'https://cloud.r-project.org/src/contrib/praise_1.0.0.tar.gz'
trying URL 'https://cloud.r-project.org/src/contrib/processx_3.8.6.tar.gz'
trying URL 'https://cloud.r-project.org/src/contrib/ps_1.9.1.tar.gz'
trying URL 'https://cloud.r-project.org/src/contrib/waldo_0.6.2.tar.gz'
trying URL 'https://cloud.r-project.org/src/contrib/purrr_1.2.0.tar.gz'
trying URL 'https://cloud.r-project.org/src/contrib/stringr_1.6.0.tar.gz'
trying URL 'https://cloud.r-project.org/src/contrib/cpp11_0.5.2.tar.gz'
trying URL 'https://cloud.r-project.org/src/contrib/diffobj_0.3.6.tar.gz'
trying URL 'https://cloud.r-project.org/src/contrib/xml2_1.5.1.tar.gz'
trying URL 'https://cloud.r-project.org/src/contrib/futile.logger_1.4.3.tar.gz'
trying URL 'https://cloud.r-project.org/src/contrib/ggplot2_4.0.1.tar.gz'
trying URL 'https://cloud.r-project.org/src/contrib/gtable_0.3.6.tar.gz'
trying URL 'https://cloud.r-project.org/src/contrib/scales_1.4.0.tar.gz'
trying URL 'https://cloud.r-project.org/src/contrib/Cairo_1.7-0.tar.gz'
trying URL 'https://cloud.r-project.org/src/contrib/covr_3.6.5.tar.gz'
trying URL 'https://cloud.r-project.org/src/contrib/dplyr_1.1.4.tar.gz'
trying URL 'https://cloud.r-project.org/src/contrib/forcats_1.0.1.tar.gz'
trying URL 'https://cloud.r-project.org/src/contrib/gridGraphics_0.5-1.tar.gz'
trying URL 'https://cloud.r-project.org/src/contrib/magick_2.9.0.tar.gz'
trying URL 'https://cloud.r-project.org/src/contrib/maps_3.4.3.tar.gz'
trying URL 'https://cloud.r-project.org/src/contrib/PASWR_1.3.tar.gz'
trying URL 'https://cloud.r-project.org/src/contrib/patchwork_1.3.2.tar.gz'
trying URL 'https://cloud.r-project.org/src/contrib/ragg_1.5.0.tar.gz'
trying URL 'https://cloud.r-project.org/src/contrib/testthat_3.3.1.tar.gz'
trying URL 'https://cloud.r-project.org/src/contrib/tidyr_1.3.1.tar.gz'
trying URL 'https://cloud.r-project.org/src/contrib/vdiffr_1.0.8.tar.gz'
trying URL 'https://cloud.r-project.org/src/contrib/VennDiagram_1.7.3.tar.gz'
trying URL 'https://cloud.r-project.org/src/contrib/cowplot_1.2.0.tar.gz'
* installing *source* package ‘sys’ ...
** this is package ‘sys’ version ‘3.4.3’
** package ‘sys’ successfully unpacked and MD5 sums checked
** using staged installation
** libs
using C compiler: ‘gcc (Ubuntu 13.3.0-6ubuntu2~24.04) 13.3.0’
gcc -std=gnu2x -I"/opt/R/4.5.2/lib/R/include" -DNDEBUG   -I/usr/local/include    -fpic  -g -O2  -c exec.c -o exec.o
gcc -std=gnu2x -I"/opt/R/4.5.2/lib/R/include" -DNDEBUG   -I/usr/local/include    -fpic  -g -O2  -c init.c -o init.o
gcc -std=gnu2x -shared -L/opt/R/4.5.2/lib/R/lib -L/usr/local/lib -o sys.so exec.o init.o -L/opt/R/4.5.2/lib/R/lib -lR
installing to /home/runner/work/_temp/Library/00LOCK-sys/00new/sys/libs
** R
** inst
** byte-compile and prepare package for lazy loading
** help
*** installing help indices
** building package indices
** testing if installed package can be loaded from temporary location
** checking absolute paths in shared objects and dynamic libraries
** testing if installed package can be loaded from final location
** testing if installed package keeps a record of temporary installation path
* DONE (sys)
* installing *source* package ‘formatR’ ...
** this is package ‘formatR’ version ‘1.14’
** package ‘formatR’ successfully unpacked and MD5 sums checked
** using staged installation
** R
** inst
** byte-compile and prepare package for lazy loading
** help
*** installing help indices
** building package indices
** installing vignettes
** testing if installed package can be loaded from temporary location
** testing if installed package can be loaded from final location
** testing if installed package keeps a record of temporary installation path
* DONE (formatR)
* installing *source* package ‘lazyeval’ ...
** this is package ‘lazyeval’ version ‘0.2.2’
** package ‘lazyeval’ successfully unpacked and MD5 sums checked
** using staged installation
** libs
using C compiler: ‘gcc (Ubuntu 13.3.0-6ubuntu2~24.04) 13.3.0’
gcc -std=gnu2x -I"/opt/R/4.5.2/lib/R/include" -DNDEBUG   -I/usr/local/include    -fpic  -g -O2  -c expr.c -o expr.o
gcc -std=gnu2x -I"/opt/R/4.5.2/lib/R/include" -DNDEBUG   -I/usr/local/include    -fpic  -g -O2  -c init.c -o init.o
gcc -std=gnu2x -I"/opt/R/4.5.2/lib/R/include" -DNDEBUG   -I/usr/local/include    -fpic  -g -O2  -c interp.c -o interp.o
gcc -std=gnu2x -I"/opt/R/4.5.2/lib/R/include" -DNDEBUG   -I/usr/local/include    -fpic  -g -O2  -c lazy.c -o lazy.o
gcc -std=gnu2x -I"/opt/R/4.5.2/lib/R/include" -DNDEBUG   -I/usr/local/include    -fpic  -g -O2  -c name.c -o name.o
gcc -std=gnu2x -I"/opt/R/4.5.2/lib/R/include" -DNDEBUG   -I/usr/local/include    -fpic  -g -O2  -c utils.c -o utils.o
gcc -std=gnu2x -shared -L/opt/R/4.5.2/lib/R/lib -L/usr/local/lib -o lazyeval.so expr.o init.o interp.o lazy.o name.o utils.o -L/opt/R/4.5.2/lib/R/lib -lR
installing to /home/runner/work/_temp/Library/00LOCK-lazyeval/00new/lazyeval/libs
** R
** inst
** byte-compile and prepare package for lazy loading
** help
*** installing help indices
** building package indices
** installing vignettes
** testing if installed package can be loaded from temporary location
** checking absolute paths in shared objects and dynamic libraries
** testing if installed package can be loaded from final location
** testing if installed package keeps a record of temporary installation path
* DONE (lazyeval)
* installing *source* package ‘utf8’ ...
** this is package ‘utf8’ version ‘1.2.6’
** package ‘utf8’ successfully unpacked and MD5 sums checked
** using staged installation
** libs
using C compiler: ‘gcc (Ubuntu 13.3.0-6ubuntu2~24.04) 13.3.0’
gcc -std=gnu2x -I"/opt/R/4.5.2/lib/R/include" -DNDEBUG   -I/usr/local/include   -Iutf8lite/src -fpic  -g -O2  -c as_utf8.c -o as_utf8.o
gcc -std=gnu2x -I"/opt/R/4.5.2/lib/R/include" -DNDEBUG   -I/usr/local/include   -Iutf8lite/src -fpic  -g -O2  -c bytes.c -o bytes.o
gcc -std=gnu2x -I"/opt/R/4.5.2/lib/R/include" -DNDEBUG   -I/usr/local/include   -Iutf8lite/src -fpic  -g -O2  -c context.c -o context.o
gcc -std=gnu2x -I"/opt/R/4.5.2/lib/R/include" -DNDEBUG   -I/usr/local/include   -Iutf8lite/src -fpic  -g -O2  -c init.c -o init.o
gcc -std=gnu2x -I"/opt/R/4.5.2/lib/R/include" -DNDEBUG   -I/usr/local/include   -Iutf8lite/src -fpic  -g -O2  -c render.c -o render.o
gcc -std=gnu2x -I"/opt/R/4.5.2/lib/R/include" -DNDEBUG   -I/usr/local/include   -Iutf8lite/src -fpic  -g -O2  -c render_table.c -o render_table.o
gcc -std=gnu2x -I"/opt/R/4.5.2/lib/R/include" -DNDEBUG   -I/usr/local/include   -Iutf8lite/src -fpic  -g -O2  -c string.c -o string.o
gcc -std=gnu2x -I"/opt/R/4.5.2/lib/R/include" -DNDEBUG   -I/usr/local/include   -Iutf8lite/src -fpic  -g -O2  -c text.c -o text.o
gcc -std=gnu2x -I"/opt/R/4.5.2/lib/R/include" -DNDEBUG   -I/usr/local/include   -Iutf8lite/src -fpic  -g -O2  -c utf8_encode.c -o utf8_encode.o
gcc -std=gnu2x -I"/opt/R/4.5.2/lib/R/include" -DNDEBUG   -I/usr/local/include   -Iutf8lite/src -fpic  -g -O2  -c utf8_format.c -o utf8_format.o
gcc -std=gnu2x -I"/opt/R/4.5.2/lib/R/include" -DNDEBUG   -I/usr/local/include   -Iutf8lite/src -fpic  -g -O2  -c utf8_normalize.c -o utf8_normalize.o
gcc -std=gnu2x -I"/opt/R/4.5.2/lib/R/include" -DNDEBUG   -I/usr/local/include   -Iutf8lite/src -fpic  -g -O2  -c utf8_valid.c -o utf8_valid.o
gcc -std=gnu2x -I"/opt/R/4.5.2/lib/R/include" -DNDEBUG   -I/usr/local/include   -Iutf8lite/src -fpic  -g -O2  -c utf8_width.c -o utf8_width.o
gcc -std=gnu2x -I"/opt/R/4.5.2/lib/R/include" -DNDEBUG   -I/usr/local/include   -Iutf8lite/src -fpic  -g -O2  -c util.c -o util.o
gcc -std=gnu2x -I"/opt/R/4.5.2/lib/R/include" -DNDEBUG   -I/usr/local/include   -Iutf8lite/src -fpic  -g -O2  -c utf8lite/src/array.c -o utf8lite/src/array.o
gcc -std=gnu2x -I"/opt/R/4.5.2/lib/R/include" -DNDEBUG   -I/usr/local/include   -Iutf8lite/src -fpic  -g -O2  -c utf8lite/src/char.c -o utf8lite/src/char.o
gcc -std=gnu2x -I"/opt/R/4.5.2/lib/R/include" -DNDEBUG   -I/usr/local/include   -Iutf8lite/src -fpic  -g -O2  -c utf8lite/src/encode.c -o utf8lite/src/encode.o
gcc -std=gnu2x -I"/opt/R/4.5.2/lib/R/include" -DNDEBUG   -I/usr/local/include   -Iutf8lite/src -fpic  -g -O2  -c utf8lite/src/error.c -o utf8lite/src/error.o
gcc -std=gnu2x -I"/opt/R/4.5.2/lib/R/include" -DNDEBUG   -I/usr/local/include   -Iutf8lite/src -fpic  -g -O2  -c utf8lite/src/escape.c -o utf8lite/src/escape.o
gcc -std=gnu2x -I"/opt/R/4.5.2/lib/R/include" -DNDEBUG   -I/usr/local/include   -Iutf8lite/src -fpic  -g -O2  -c utf8lite/src/graph.c -o utf8lite/src/graph.o
gcc -std=gnu2x -I"/opt/R/4.5.2/lib/R/include" -DNDEBUG   -I/usr/local/include   -Iutf8lite/src -fpic  -g -O2  -c utf8lite/src/graphscan.c -o utf8lite/src/graphscan.o
gcc -std=gnu2x -I"/opt/R/4.5.2/lib/R/include" -DNDEBUG   -I/usr/local/include   -Iutf8lite/src -fpic  -g -O2  -c utf8lite/src/normalize.c -o utf8lite/src/normalize.o
gcc -std=gnu2x -I"/opt/R/4.5.2/lib/R/include" -DNDEBUG   -I/usr/local/include   -Iutf8lite/src -fpic  -g -O2  -c utf8lite/src/render.c -o utf8lite/src/render.o
gcc -std=gnu2x -I"/opt/R/4.5.2/lib/R/include" -DNDEBUG   -I/usr/local/include   -Iutf8lite/src -fpic  -g -O2  -c utf8lite/src/text.c -o utf8lite/src/text.o
gcc -std=gnu2x -I"/opt/R/4.5.2/lib/R/include" -DNDEBUG   -I/usr/local/include   -Iutf8lite/src -fpic  -g -O2  -c utf8lite/src/textassign.c -o utf8lite/src/textassign.o
gcc -std=gnu2x -I"/opt/R/4.5.2/lib/R/include" -DNDEBUG   -I/usr/local/include   -Iutf8lite/src -fpic  -g -O2  -c utf8lite/src/textiter.c -o utf8lite/src/textiter.o
gcc -std=gnu2x -I"/opt/R/4.5.2/lib/R/include" -DNDEBUG   -I/usr/local/include   -Iutf8lite/src -fpic  -g -O2  -c utf8lite/src/textmap.c -o utf8lite/src/textmap.o
ar rcs libcutf8lite.a utf8lite/src/array.o utf8lite/src/char.o utf8lite/src/encode.o utf8lite/src/error.o utf8lite/src/escape.o utf8lite/src/graph.o utf8lite/src/graphscan.o utf8lite/src/normalize.o utf8lite/src/render.o utf8lite/src/text.o utf8lite/src/textassign.o utf8lite/src/textiter.o utf8lite/src/textmap.o
gcc -std=gnu2x -shared -L/opt/R/4.5.2/lib/R/lib -L/usr/local/lib -o utf8.so as_utf8.o bytes.o context.o init.o render.o render_table.o string.o text.o utf8_encode.o utf8_format.o utf8_normalize.o utf8_valid.o utf8_width.o util.o -L. -lcutf8lite -L/opt/R/4.5.2/lib/R/lib -lR
installing to /home/runner/work/_temp/Library/00LOCK-utf8/00new/utf8/libs
** R
** inst
** byte-compile and prepare package for lazy loading
** help
*** installing help indices
** building package indices
** installing vignettes
** testing if installed package can be loaded from temporary location
** checking absolute paths in shared objects and dynamic libraries
** testing if installed package can be loaded from final location
** testing if installed package keeps a record of temporary installation path
* DONE (utf8)
* installing *source* package ‘pkgconfig’ ...
** this is package ‘pkgconfig’ version ‘2.0.3’
** package ‘pkgconfig’ successfully unpacked and MD5 sums checked
** using staged installation
** R
** inst
** byte-compile and prepare package for lazy loading
** help
*** installing help indices
** building package indices
** testing if installed package can be loaded from temporary location
** testing if installed package can be loaded from final location
** testing if installed package keeps a record of temporary installation path
* DONE (pkgconfig)
* installing *source* package ‘proxy’ ...
** this is package ‘proxy’ version ‘0.4-27’
** package ‘proxy’ successfully unpacked and MD5 sums checked
** using staged installation
** libs
using C compiler: ‘gcc (Ubuntu 13.3.0-6ubuntu2~24.04) 13.3.0’
gcc -std=gnu2x -I"/opt/R/4.5.2/lib/R/include" -DNDEBUG   -I/usr/local/include    -fpic  -g -O2  -c apply.c -o apply.o
gcc -std=gnu2x -I"/opt/R/4.5.2/lib/R/include" -DNDEBUG   -I/usr/local/include    -fpic  -g -O2  -c arrayIndex.c -o arrayIndex.o
gcc -std=gnu2x -I"/opt/R/4.5.2/lib/R/include" -DNDEBUG   -I/usr/local/include    -fpic  -g -O2  -c distance.c -o distance.o
gcc -std=gnu2x -I"/opt/R/4.5.2/lib/R/include" -DNDEBUG   -I/usr/local/include    -fpic  -g -O2  -c dll.c -o dll.o
gcc -std=gnu2x -I"/opt/R/4.5.2/lib/R/include" -DNDEBUG   -I/usr/local/include    -fpic  -g -O2  -c util.c -o util.o
gcc -std=gnu2x -shared -L/opt/R/4.5.2/lib/R/lib -L/usr/local/lib -o proxy.so apply.o arrayIndex.o distance.o dll.o util.o -L/opt/R/4.5.2/lib/R/lib -lR
installing to /home/runner/work/_temp/Library/00LOCK-proxy/00new/proxy/libs
** R
** inst
** byte-compile and prepare package for lazy loading
** help
*** installing help indices
** building package indices
** installing vignettes
** testing if installed package can be loaded from temporary location
** checking absolute paths in shared objects and dynamic libraries
** testing if installed package can be loaded from final location
** testing if installed package keeps a record of temporary installation path
* DONE (proxy)
* installing *source* package ‘stringi’ ...
** this is package ‘stringi’ version ‘1.8.7’
** package ‘stringi’ successfully unpacked and MD5 sums checked
** using staged installation
checking for R_HOME... /opt/R/4.5.2/lib/R
checking for R... /opt/R/4.5.2/lib/R/bin/R
checking for endianness... little
checking for cat... /usr/bin/cat
checking whether the C++ compiler works... yes
checking for C++ compiler default output file name... a.out
checking for suffix of executables... 
checking whether we are cross compiling... no
checking for suffix of object files... o
checking whether the compiler supports GNU C++... yes
checking whether g++ -std=gnu++17 accepts -g... yes
checking for g++ -std=gnu++17 option to enable C++11 features... none needed
checking whether the C++ compiler supports the 'long long' type... yes
checking whether the compiler implements namespaces... yes
checking whether the compiler supports the Standard Template Library... yes
checking whether std::map is available... yes
checking for pkg-config... /usr/bin/pkg-config
checking with 'pkg-config' for the system ICU4C (icu-i18n icu-uc)... 74.2
checking for ICU4C >= 61... yes
checking for additional CPPFLAGS, LDFLAGS, and LIBS required... done
checking whether an ICU4C-based project can be built... yes
checking programmatically for sufficient U_ICU_VERSION_MAJOR_NUM... yes
checking the capabilities of the ICU data library (ucnv, uloc, utrans)... yes
checking the capabilities of the ICU data library (ucol)... yes
checking for stdio.h... yes
checking for stdlib.h... yes
checking for string.h... yes
checking for inttypes.h... yes
checking for stdint.h... yes
checking for strings.h... yes
checking for sys/stat.h... yes
checking for sys/types.h... yes
checking for unistd.h... yes
checking for elf.h... yes
configure: creating ./config.status
config.status: creating src/Makevars
config.status: creating src/uconfig_local.h
config.status: creating src/install.libs.R

*** stringi configure summary:
    ICU_FOUND=1
    STRINGI_CXXSTD=
    STRINGI_CXXFLAGS=  -fpic
    STRINGI_CPPFLAGS=-I.   -UDEBUG -DNDEBUG -DU_HAVE_ELF_H 
    STRINGI_LDFLAGS=  -L/usr/lib/x86_64-linux-gnu 
    STRINGI_LIBS=  -licui18n -licuuc -licudata 

*** Compiler settings used:
    CXX=g++ -std=gnu++17
    LD=g++ -std=gnu++17
    CXXFLAGS=-g -O2
    CPPFLAGS=-I/usr/local/include
    LDFLAGS=
    LIBS=

** libs
using C++ compiler: ‘g++ (Ubuntu 13.3.0-6ubuntu2~24.04) 13.3.0’
g++ -std=gnu++17 -I"/opt/R/4.5.2/lib/R/include" -DNDEBUG -I.   -UDEBUG -DNDEBUG -DU_HAVE_ELF_H   -I/usr/local/include   -fpic -fpic  -g -O2   -c stri_brkiter.cpp -o stri_brkiter.o
g++ -std=gnu++17 -I"/opt/R/4.5.2/lib/R/include" -DNDEBUG -I.   -UDEBUG -DNDEBUG -DU_HAVE_ELF_H   -I/usr/local/include   -fpic -fpic  -g -O2   -c stri_callables.cpp -o stri_callables.o
g++ -std=gnu++17 -I"/opt/R/4.5.2/lib/R/include" -DNDEBUG -I.   -UDEBUG -DNDEBUG -DU_HAVE_ELF_H   -I/usr/local/include   -fpic -fpic  -g -O2   -c stri_collator.cpp -o stri_collator.o
g++ -std=gnu++17 -I"/opt/R/4.5.2/lib/R/include" -DNDEBUG -I.   -UDEBUG -DNDEBUG -DU_HAVE_ELF_H   -I/usr/local/include   -fpic -fpic  -g -O2   -c stri_common.cpp -o stri_common.o
g++ -std=gnu++17 -I"/opt/R/4.5.2/lib/R/include" -DNDEBUG -I.   -UDEBUG -DNDEBUG -DU_HAVE_ELF_H   -I/usr/local/include   -fpic -fpic  -g -O2   -c stri_compare.cpp -o stri_compare.o
g++ -std=gnu++17 -I"/opt/R/4.5.2/lib/R/include" -DNDEBUG -I.   -UDEBUG -DNDEBUG -DU_HAVE_ELF_H   -I/usr/local/include   -fpic -fpic  -g -O2   -c stri_container_base.cpp -o stri_container_base.o
g++ -std=gnu++17 -I"/opt/R/4.5.2/lib/R/include" -DNDEBUG -I.   -UDEBUG -DNDEBUG -DU_HAVE_ELF_H   -I/usr/local/include   -fpic -fpic  -g -O2   -c stri_container_bytesearch.cpp -o stri_container_bytesearch.o
g++ -std=gnu++17 -I"/opt/R/4.5.2/lib/R/include" -DNDEBUG -I.   -UDEBUG -DNDEBUG -DU_HAVE_ELF_H   -I/usr/local/include   -fpic -fpic  -g -O2   -c stri_container_listint.cpp -o stri_container_listint.o
g++ -std=gnu++17 -I"/opt/R/4.5.2/lib/R/include" -DNDEBUG -I.   -UDEBUG -DNDEBUG -DU_HAVE_ELF_H   -I/usr/local/include   -fpic -fpic  -g -O2   -c stri_container_listraw.cpp -o stri_container_listraw.o
g++ -std=gnu++17 -I"/opt/R/4.5.2/lib/R/include" -DNDEBUG -I.   -UDEBUG -DNDEBUG -DU_HAVE_ELF_H   -I/usr/local/include   -fpic -fpic  -g -O2   -c stri_container_listutf8.cpp -o stri_container_listutf8.o
g++ -std=gnu++17 -I"/opt/R/4.5.2/lib/R/include" -DNDEBUG -I.   -UDEBUG -DNDEBUG -DU_HAVE_ELF_H   -I/usr/local/include   -fpic -fpic  -g -O2   -c stri_container_regex.cpp -o stri_container_regex.o
g++ -std=gnu++17 -I"/opt/R/4.5.2/lib/R/include" -DNDEBUG -I.   -UDEBUG -DNDEBUG -DU_HAVE_ELF_H   -I/usr/local/include   -fpic -fpic  -g -O2   -c stri_container_usearch.cpp -o stri_container_usearch.o
g++ -std=gnu++17 -I"/opt/R/4.5.2/lib/R/include" -DNDEBUG -I.   -UDEBUG -DNDEBUG -DU_HAVE_ELF_H   -I/usr/local/include   -fpic -fpic  -g -O2   -c stri_container_utf16.cpp -o stri_container_utf16.o
g++ -std=gnu++17 -I"/opt/R/4.5.2/lib/R/include" -DNDEBUG -I.   -UDEBUG -DNDEBUG -DU_HAVE_ELF_H   -I/usr/local/include   -fpic -fpic  -g -O2   -c stri_container_utf8.cpp -o stri_container_utf8.o
g++ -std=gnu++17 -I"/opt/R/4.5.2/lib/R/include" -DNDEBUG -I.   -UDEBUG -DNDEBUG -DU_HAVE_ELF_H   -I/usr/local/include   -fpic -fpic  -g -O2   -c stri_container_utf8_indexable.cpp -o stri_container_utf8_indexable.o
g++ -std=gnu++17 -I"/opt/R/4.5.2/lib/R/include" -DNDEBUG -I.   -UDEBUG -DNDEBUG -DU_HAVE_ELF_H   -I/usr/local/include   -fpic -fpic  -g -O2   -c stri_encoding_conversion.cpp -o stri_encoding_conversion.o
g++ -std=gnu++17 -I"/opt/R/4.5.2/lib/R/include" -DNDEBUG -I.   -UDEBUG -DNDEBUG -DU_HAVE_ELF_H   -I/usr/local/include   -fpic -fpic  -g -O2   -c stri_encoding_detection.cpp -o stri_encoding_detection.o
g++ -std=gnu++17 -I"/opt/R/4.5.2/lib/R/include" -DNDEBUG -I.   -UDEBUG -DNDEBUG -DU_HAVE_ELF_H   -I/usr/local/include   -fpic -fpic  -g -O2   -c stri_encoding_management.cpp -o stri_encoding_management.o
g++ -std=gnu++17 -I"/opt/R/4.5.2/lib/R/include" -DNDEBUG -I.   -UDEBUG -DNDEBUG -DU_HAVE_ELF_H   -I/usr/local/include   -fpic -fpic  -g -O2   -c stri_escape.cpp -o stri_escape.o
g++ -std=gnu++17 -I"/opt/R/4.5.2/lib/R/include" -DNDEBUG -I.   -UDEBUG -DNDEBUG -DU_HAVE_ELF_H   -I/usr/local/include   -fpic -fpic  -g -O2   -c stri_exception.cpp -o stri_exception.o
g++ -std=gnu++17 -I"/opt/R/4.5.2/lib/R/include" -DNDEBUG -I.   -UDEBUG -DNDEBUG -DU_HAVE_ELF_H   -I/usr/local/include   -fpic -fpic  -g -O2   -c stri_ICU_settings.cpp -o stri_ICU_settings.o
In file included from stri_ICU_settings.cpp:37:
uconfig_local.h:42: warning: "UCONFIG_USE_WINDOWS_LCID_MAPPING_API" redefined
   42 | #define UCONFIG_USE_WINDOWS_LCID_MAPPING_API 0
      | 
In file included from /usr/include/unicode/platform.h:24,
                 from /usr/include/unicode/ptypes.h:52,
                 from stri_external.h:52,
                 from stri_stringi.h:36,
                 from stri_ICU_settings.cpp:33:
/usr/include/unicode/uconfig.h:391: note: this is the location of the previous definition
  391 | #   define UCONFIG_USE_WINDOWS_LCID_MAPPING_API 1
      | 
g++ -std=gnu++17 -I"/opt/R/4.5.2/lib/R/include" -DNDEBUG -I.   -UDEBUG -DNDEBUG -DU_HAVE_ELF_H   -I/usr/local/include   -fpic -fpic  -g -O2   -c stri_join.cpp -o stri_join.o
g++ -std=gnu++17 -I"/opt/R/4.5.2/lib/R/include" -DNDEBUG -I.   -UDEBUG -DNDEBUG -DU_HAVE_ELF_H   -I/usr/local/include   -fpic -fpic  -g -O2   -c stri_length.cpp -o stri_length.o
g++ -std=gnu++17 -I"/opt/R/4.5.2/lib/R/include" -DNDEBUG -I.   -UDEBUG -DNDEBUG -DU_HAVE_ELF_H   -I/usr/local/include   -fpic -fpic  -g -O2   -c stri_pad.cpp -o stri_pad.o
g++ -std=gnu++17 -I"/opt/R/4.5.2/lib/R/include" -DNDEBUG -I.   -UDEBUG -DNDEBUG -DU_HAVE_ELF_H   -I/usr/local/include   -fpic -fpic  -g -O2   -c stri_prepare_arg.cpp -o stri_prepare_arg.o
g++ -std=gnu++17 -I"/opt/R/4.5.2/lib/R/include" -DNDEBUG -I.   -UDEBUG -DNDEBUG -DU_HAVE_ELF_H   -I/usr/local/include   -fpic -fpic  -g -O2   -c stri_random.cpp -o stri_random.o
g++ -std=gnu++17 -I"/opt/R/4.5.2/lib/R/include" -DNDEBUG -I.   -UDEBUG -DNDEBUG -DU_HAVE_ELF_H   -I/usr/local/include   -fpic -fpic  -g -O2   -c stri_reverse.cpp -o stri_reverse.o
g++ -std=gnu++17 -I"/opt/R/4.5.2/lib/R/include" -DNDEBUG -I.   -UDEBUG -DNDEBUG -DU_HAVE_ELF_H   -I/usr/local/include   -fpic -fpic  -g -O2   -c stri_search_class_count.cpp -o stri_search_class_count.o
g++ -std=gnu++17 -I"/opt/R/4.5.2/lib/R/include" -DNDEBUG -I.   -UDEBUG -DNDEBUG -DU_HAVE_ELF_H   -I/usr/local/include   -fpic -fpic  -g -O2   -c stri_search_class_detect.cpp -o stri_search_class_detect.o
g++ -std=gnu++17 -I"/opt/R/4.5.2/lib/R/include" -DNDEBUG -I.   -UDEBUG -DNDEBUG -DU_HAVE_ELF_H   -I/usr/local/include   -fpic -fpic  -g -O2   -c stri_search_class_extract.cpp -o stri_search_class_extract.o
g++ -std=gnu++17 -I"/opt/R/4.5.2/lib/R/include" -DNDEBUG -I.   -UDEBUG -DNDEBUG -DU_HAVE_ELF_H   -I/usr/local/include   -fpic -fpic  -g -O2   -c stri_search_class_locate.cpp -o stri_search_class_locate.o
g++ -std=gnu++17 -I"/opt/R/4.5.2/lib/R/include" -DNDEBUG -I.   -UDEBUG -DNDEBUG -DU_HAVE_ELF_H   -I/usr/local/include   -fpic -fpic  -g -O2   -c stri_search_class_replace.cpp -o stri_search_class_replace.o
g++ -std=gnu++17 -I"/opt/R/4.5.2/lib/R/include" -DNDEBUG -I.   -UDEBUG -DNDEBUG -DU_HAVE_ELF_H   -I/usr/local/include   -fpic -fpic  -g -O2   -c stri_search_class_split.cpp -o stri_search_class_split.o
g++ -std=gnu++17 -I"/opt/R/4.5.2/lib/R/include" -DNDEBUG -I.   -UDEBUG -DNDEBUG -DU_HAVE_ELF_H   -I/usr/local/include   -fpic -fpic  -g -O2   -c stri_search_class_startsendswith.cpp -o stri_search_class_startsendswith.o
g++ -std=gnu++17 -I"/opt/R/4.5.2/lib/R/include" -DNDEBUG -I.   -UDEBUG -DNDEBUG -DU_HAVE_ELF_H   -I/usr/local/include   -fpic -fpic  -g -O2   -c stri_search_class_subset.cpp -o stri_search_class_subset.o
g++ -std=gnu++17 -I"/opt/R/4.5.2/lib/R/include" -DNDEBUG -I.   -UDEBUG -DNDEBUG -DU_HAVE_ELF_H   -I/usr/local/include   -fpic -fpic  -g -O2   -c stri_search_class_trim.cpp -o stri_search_class_trim.o
g++ -std=gnu++17 -I"/opt/R/4.5.2/lib/R/include" -DNDEBUG -I.   -UDEBUG -DNDEBUG -DU_HAVE_ELF_H   -I/usr/local/include   -fpic -fpic  -g -O2   -c stri_search_common.cpp -o stri_search_common.o
g++ -std=gnu++17 -I"/opt/R/4.5.2/lib/R/include" -DNDEBUG -I.   -UDEBUG -DNDEBUG -DU_HAVE_ELF_H   -I/usr/local/include   -fpic -fpic  -g -O2   -c stri_search_coll_count.cpp -o stri_search_coll_count.o
g++ -std=gnu++17 -I"/opt/R/4.5.2/lib/R/include" -DNDEBUG -I.   -UDEBUG -DNDEBUG -DU_HAVE_ELF_H   -I/usr/local/include   -fpic -fpic  -g -O2   -c stri_search_coll_detect.cpp -o stri_search_coll_detect.o
g++ -std=gnu++17 -I"/opt/R/4.5.2/lib/R/include" -DNDEBUG -I.   -UDEBUG -DNDEBUG -DU_HAVE_ELF_H   -I/usr/local/include   -fpic -fpic  -g -O2   -c stri_search_coll_extract.cpp -o stri_search_coll_extract.o
g++ -std=gnu++17 -I"/opt/R/4.5.2/lib/R/include" -DNDEBUG -I.   -UDEBUG -DNDEBUG -DU_HAVE_ELF_H   -I/usr/local/include   -fpic -fpic  -g -O2   -c stri_search_coll_locate.cpp -o stri_search_coll_locate.o
g++ -std=gnu++17 -I"/opt/R/4.5.2/lib/R/include" -DNDEBUG -I.   -UDEBUG -DNDEBUG -DU_HAVE_ELF_H   -I/usr/local/include   -fpic -fpic  -g -O2   -c stri_search_coll_replace.cpp -o stri_search_coll_replace.o
g++ -std=gnu++17 -I"/opt/R/4.5.2/lib/R/include" -DNDEBUG -I.   -UDEBUG -DNDEBUG -DU_HAVE_ELF_H   -I/usr/local/include   -fpic -fpic  -g -O2   -c stri_search_coll_split.cpp -o stri_search_coll_split.o
g++ -std=gnu++17 -I"/opt/R/4.5.2/lib/R/include" -DNDEBUG -I.   -UDEBUG -DNDEBUG -DU_HAVE_ELF_H   -I/usr/local/include   -fpic -fpic  -g -O2   -c stri_search_coll_startsendswith.cpp -o stri_search_coll_startsendswith.o
g++ -std=gnu++17 -I"/opt/R/4.5.2/lib/R/include" -DNDEBUG -I.   -UDEBUG -DNDEBUG -DU_HAVE_ELF_H   -I/usr/local/include   -fpic -fpic  -g -O2   -c stri_search_coll_subset.cpp -o stri_search_coll_subset.o
g++ -std=gnu++17 -I"/opt/R/4.5.2/lib/R/include" -DNDEBUG -I.   -UDEBUG -DNDEBUG -DU_HAVE_ELF_H   -I/usr/local/include   -fpic -fpic  -g -O2   -c stri_search_boundaries_count.cpp -o stri_search_boundaries_count.o
g++ -std=gnu++17 -I"/opt/R/4.5.2/lib/R/include" -DNDEBUG -I.   -UDEBUG -DNDEBUG -DU_HAVE_ELF_H   -I/usr/local/include   -fpic -fpic  -g -O2   -c stri_search_boundaries_extract.cpp -o stri_search_boundaries_extract.o
g++ -std=gnu++17 -I"/opt/R/4.5.2/lib/R/include" -DNDEBUG -I.   -UDEBUG -DNDEBUG -DU_HAVE_ELF_H   -I/usr/local/include   -fpic -fpic  -g -O2   -c stri_search_boundaries_locate.cpp -o stri_search_boundaries_locate.o
g++ -std=gnu++17 -I"/opt/R/4.5.2/lib/R/include" -DNDEBUG -I.   -UDEBUG -DNDEBUG -DU_HAVE_ELF_H   -I/usr/local/include   -fpic -fpic  -g -O2   -c stri_search_boundaries_split.cpp -o stri_search_boundaries_split.o
g++ -std=gnu++17 -I"/opt/R/4.5.2/lib/R/include" -DNDEBUG -I.   -UDEBUG -DNDEBUG -DU_HAVE_ELF_H   -I/usr/local/include   -fpic -fpic  -g -O2   -c stri_search_fixed_count.cpp -o stri_search_fixed_count.o
g++ -std=gnu++17 -I"/opt/R/4.5.2/lib/R/include" -DNDEBUG -I.   -UDEBUG -DNDEBUG -DU_HAVE_ELF_H   -I/usr/local/include   -fpic -fpic  -g -O2   -c stri_search_fixed_detect.cpp -o stri_search_fixed_detect.o
g++ -std=gnu++17 -I"/opt/R/4.5.2/lib/R/include" -DNDEBUG -I.   -UDEBUG -DNDEBUG -DU_HAVE_ELF_H   -I/usr/local/include   -fpic -fpic  -g -O2   -c stri_search_fixed_extract.cpp -o stri_search_fixed_extract.o
g++ -std=gnu++17 -I"/opt/R/4.5.2/lib/R/include" -DNDEBUG -I.   -UDEBUG -DNDEBUG -DU_HAVE_ELF_H   -I/usr/local/include   -fpic -fpic  -g -O2   -c stri_search_fixed_locate.cpp -o stri_search_fixed_locate.o
g++ -std=gnu++17 -I"/opt/R/4.5.2/lib/R/include" -DNDEBUG -I.   -UDEBUG -DNDEBUG -DU_HAVE_ELF_H   -I/usr/local/include   -fpic -fpic  -g -O2   -c stri_search_fixed_replace.cpp -o stri_search_fixed_replace.o
g++ -std=gnu++17 -I"/opt/R/4.5.2/lib/R/include" -DNDEBUG -I.   -UDEBUG -DNDEBUG -DU_HAVE_ELF_H   -I/usr/local/include   -fpic -fpic  -g -O2   -c stri_search_fixed_split.cpp -o stri_search_fixed_split.o
g++ -std=gnu++17 -I"/opt/R/4.5.2/lib/R/include" -DNDEBUG -I.   -UDEBUG -DNDEBUG -DU_HAVE_ELF_H   -I/usr/local/include   -fpic -fpic  -g -O2   -c stri_search_fixed_subset.cpp -o stri_search_fixed_subset.o
g++ -std=gnu++17 -I"/opt/R/4.5.2/lib/R/include" -DNDEBUG -I.   -UDEBUG -DNDEBUG -DU_HAVE_ELF_H   -I/usr/local/include   -fpic -fpic  -g -O2   -c stri_search_fixed_startsendswith.cpp -o stri_search_fixed_startsendswith.o
g++ -std=gnu++17 -I"/opt/R/4.5.2/lib/R/include" -DNDEBUG -I.   -UDEBUG -DNDEBUG -DU_HAVE_ELF_H   -I/usr/local/include   -fpic -fpic  -g -O2   -c stri_search_in.cpp -o stri_search_in.o
g++ -std=gnu++17 -I"/opt/R/4.5.2/lib/R/include" -DNDEBUG -I.   -UDEBUG -DNDEBUG -DU_HAVE_ELF_H   -I/usr/local/include   -fpic -fpic  -g -O2   -c stri_search_other_split.cpp -o stri_search_other_split.o
g++ -std=gnu++17 -I"/opt/R/4.5.2/lib/R/include" -DNDEBUG -I.   -UDEBUG -DNDEBUG -DU_HAVE_ELF_H   -I/usr/local/include   -fpic -fpic  -g -O2   -c stri_search_regex_count.cpp -o stri_search_regex_count.o
g++ -std=gnu++17 -I"/opt/R/4.5.2/lib/R/include" -DNDEBUG -I.   -UDEBUG -DNDEBUG -DU_HAVE_ELF_H   -I/usr/local/include   -fpic -fpic  -g -O2   -c stri_search_regex_detect.cpp -o stri_search_regex_detect.o
g++ -std=gnu++17 -I"/opt/R/4.5.2/lib/R/include" -DNDEBUG -I.   -UDEBUG -DNDEBUG -DU_HAVE_ELF_H   -I/usr/local/include   -fpic -fpic  -g -O2   -c stri_search_regex_extract.cpp -o stri_search_regex_extract.o
g++ -std=gnu++17 -I"/opt/R/4.5.2/lib/R/include" -DNDEBUG -I.   -UDEBUG -DNDEBUG -DU_HAVE_ELF_H   -I/usr/local/include   -fpic -fpic  -g -O2   -c stri_search_regex_locate.cpp -o stri_search_regex_locate.o
g++ -std=gnu++17 -I"/opt/R/4.5.2/lib/R/include" -DNDEBUG -I.   -UDEBUG -DNDEBUG -DU_HAVE_ELF_H   -I/usr/local/include   -fpic -fpic  -g -O2   -c stri_search_regex_match.cpp -o stri_search_regex_match.o
g++ -std=gnu++17 -I"/opt/R/4.5.2/lib/R/include" -DNDEBUG -I.   -UDEBUG -DNDEBUG -DU_HAVE_ELF_H   -I/usr/local/include   -fpic -fpic  -g -O2   -c stri_search_regex_replace.cpp -o stri_search_regex_replace.o
g++ -std=gnu++17 -I"/opt/R/4.5.2/lib/R/include" -DNDEBUG -I.   -UDEBUG -DNDEBUG -DU_HAVE_ELF_H   -I/usr/local/include   -fpic -fpic  -g -O2   -c stri_search_regex_split.cpp -o stri_search_regex_split.o
g++ -std=gnu++17 -I"/opt/R/4.5.2/lib/R/include" -DNDEBUG -I.   -UDEBUG -DNDEBUG -DU_HAVE_ELF_H   -I/usr/local/include   -fpic -fpic  -g -O2   -c stri_search_regex_subset.cpp -o stri_search_regex_subset.o
g++ -std=gnu++17 -I"/opt/R/4.5.2/lib/R/include" -DNDEBUG -I.   -UDEBUG -DNDEBUG -DU_HAVE_ELF_H   -I/usr/local/include   -fpic -fpic  -g -O2   -c stri_sort.cpp -o stri_sort.o
g++ -std=gnu++17 -I"/opt/R/4.5.2/lib/R/include" -DNDEBUG -I.   -UDEBUG -DNDEBUG -DU_HAVE_ELF_H   -I/usr/local/include   -fpic -fpic  -g -O2   -c stri_sprintf.cpp -o stri_sprintf.o
g++ -std=gnu++17 -I"/opt/R/4.5.2/lib/R/include" -DNDEBUG -I.   -UDEBUG -DNDEBUG -DU_HAVE_ELF_H   -I/usr/local/include   -fpic -fpic  -g -O2   -c stri_stats.cpp -o stri_stats.o
g++ -std=gnu++17 -I"/opt/R/4.5.2/lib/R/include" -DNDEBUG -I.   -UDEBUG -DNDEBUG -DU_HAVE_ELF_H   -I/usr/local/include   -fpic -fpic  -g -O2   -c stri_string8.cpp -o stri_string8.o
g++ -std=gnu++17 -I"/opt/R/4.5.2/lib/R/include" -DNDEBUG -I.   -UDEBUG -DNDEBUG -DU_HAVE_ELF_H   -I/usr/local/include   -fpic -fpic  -g -O2   -c stri_stringi.cpp -o stri_stringi.o
In file included from stri_stringi.cpp:40:
uconfig_local.h:42: warning: "UCONFIG_USE_WINDOWS_LCID_MAPPING_API" redefined
   42 | #define UCONFIG_USE_WINDOWS_LCID_MAPPING_API 0
      | 
In file included from /usr/include/unicode/platform.h:24,
                 from /usr/include/unicode/ptypes.h:52,
                 from stri_external.h:52,
                 from stri_stringi.h:36,
                 from stri_stringi.cpp:33:
/usr/include/unicode/uconfig.h:391: note: this is the location of the previous definition
  391 | #   define UCONFIG_USE_WINDOWS_LCID_MAPPING_API 1
      | 
g++ -std=gnu++17 -I"/opt/R/4.5.2/lib/R/include" -DNDEBUG -I.   -UDEBUG -DNDEBUG -DU_HAVE_ELF_H   -I/usr/local/include   -fpic -fpic  -g -O2   -c stri_sub.cpp -o stri_sub.o
g++ -std=gnu++17 -I"/opt/R/4.5.2/lib/R/include" -DNDEBUG -I.   -UDEBUG -DNDEBUG -DU_HAVE_ELF_H   -I/usr/local/include   -fpic -fpic  -g -O2   -c stri_test.cpp -o stri_test.o
g++ -std=gnu++17 -I"/opt/R/4.5.2/lib/R/include" -DNDEBUG -I.   -UDEBUG -DNDEBUG -DU_HAVE_ELF_H   -I/usr/local/include   -fpic -fpic  -g -O2   -c stri_time_zone.cpp -o stri_time_zone.o
g++ -std=gnu++17 -I"/opt/R/4.5.2/lib/R/include" -DNDEBUG -I.   -UDEBUG -DNDEBUG -DU_HAVE_ELF_H   -I/usr/local/include   -fpic -fpic  -g -O2   -c stri_time_calendar.cpp -o stri_time_calendar.o
g++ -std=gnu++17 -I"/opt/R/4.5.2/lib/R/include" -DNDEBUG -I.   -UDEBUG -DNDEBUG -DU_HAVE_ELF_H   -I/usr/local/include   -fpic -fpic  -g -O2   -c stri_time_symbols.cpp -o stri_time_symbols.o
g++ -std=gnu++17 -I"/opt/R/4.5.2/lib/R/include" -DNDEBUG -I.   -UDEBUG -DNDEBUG -DU_HAVE_ELF_H   -I/usr/local/include   -fpic -fpic  -g -O2   -c stri_time_format.cpp -o stri_time_format.o
g++ -std=gnu++17 -I"/opt/R/4.5.2/lib/R/include" -DNDEBUG -I.   -UDEBUG -DNDEBUG -DU_HAVE_ELF_H   -I/usr/local/include   -fpic -fpic  -g -O2   -c stri_trans_casemap.cpp -o stri_trans_casemap.o
g++ -std=gnu++17 -I"/opt/R/4.5.2/lib/R/include" -DNDEBUG -I.   -UDEBUG -DNDEBUG -DU_HAVE_ELF_H   -I/usr/local/include   -fpic -fpic  -g -O2   -c stri_trans_other.cpp -o stri_trans_other.o
g++ -std=gnu++17 -I"/opt/R/4.5.2/lib/R/include" -DNDEBUG -I.   -UDEBUG -DNDEBUG -DU_HAVE_ELF_H   -I/usr/local/include   -fpic -fpic  -g -O2   -c stri_trans_normalization.cpp -o stri_trans_normalization.o
g++ -std=gnu++17 -I"/opt/R/4.5.2/lib/R/include" -DNDEBUG -I.   -UDEBUG -DNDEBUG -DU_HAVE_ELF_H   -I/usr/local/include   -fpic -fpic  -g -O2   -c stri_trans_transliterate.cpp -o stri_trans_transliterate.o
g++ -std=gnu++17 -I"/opt/R/4.5.2/lib/R/include" -DNDEBUG -I.   -UDEBUG -DNDEBUG -DU_HAVE_ELF_H   -I/usr/local/include   -fpic -fpic  -g -O2   -c stri_ucnv.cpp -o stri_ucnv.o
g++ -std=gnu++17 -I"/opt/R/4.5.2/lib/R/include" -DNDEBUG -I.   -UDEBUG -DNDEBUG -DU_HAVE_ELF_H   -I/usr/local/include   -fpic -fpic  -g -O2   -c stri_uloc.cpp -o stri_uloc.o
g++ -std=gnu++17 -I"/opt/R/4.5.2/lib/R/include" -DNDEBUG -I.   -UDEBUG -DNDEBUG -DU_HAVE_ELF_H   -I/usr/local/include   -fpic -fpic  -g -O2   -c stri_utils.cpp -o stri_utils.o
g++ -std=gnu++17 -I"/opt/R/4.5.2/lib/R/include" -DNDEBUG -I.   -UDEBUG -DNDEBUG -DU_HAVE_ELF_H   -I/usr/local/include   -fpic -fpic  -g -O2   -c stri_wrap.cpp -o stri_wrap.o
g++ -std=gnu++17 -shared -L/opt/R/4.5.2/lib/R/lib -L/usr/local/lib -o stringi.so stri_brkiter.o stri_callables.o stri_collator.o stri_common.o stri_compare.o stri_container_base.o stri_container_bytesearch.o stri_container_listint.o stri_container_listraw.o stri_container_listutf8.o stri_container_regex.o stri_container_usearch.o stri_container_utf16.o stri_container_utf8.o stri_container_utf8_indexable.o stri_encoding_conversion.o stri_encoding_detection.o stri_encoding_management.o stri_escape.o stri_exception.o stri_ICU_settings.o stri_join.o stri_length.o stri_pad.o stri_prepare_arg.o stri_random.o stri_reverse.o stri_search_class_count.o stri_search_class_detect.o stri_search_class_extract.o stri_search_class_locate.o stri_search_class_replace.o stri_search_class_split.o stri_search_class_startsendswith.o stri_search_class_subset.o stri_search_class_trim.o stri_search_common.o stri_search_coll_count.o stri_search_coll_detect.o stri_search_coll_extract.o stri_search_coll_locate.o stri_search_coll_replace.o stri_search_coll_split.o stri_search_coll_startsendswith.o stri_search_coll_subset.o stri_search_boundaries_count.o stri_search_boundaries_extract.o stri_search_boundaries_locate.o stri_search_boundaries_split.o stri_search_fixed_count.o stri_search_fixed_detect.o stri_search_fixed_extract.o stri_search_fixed_locate.o stri_search_fixed_replace.o stri_search_fixed_split.o stri_search_fixed_subset.o stri_search_fixed_startsendswith.o stri_search_in.o stri_search_other_split.o stri_search_regex_count.o stri_search_regex_detect.o stri_search_regex_extract.o stri_search_regex_locate.o stri_search_regex_match.o stri_search_regex_replace.o stri_search_regex_split.o stri_search_regex_subset.o stri_sort.o stri_sprintf.o stri_stats.o stri_string8.o stri_stringi.o stri_sub.o stri_test.o stri_time_zone.o stri_time_calendar.o stri_time_symbols.o stri_time_format.o stri_trans_casemap.o stri_trans_other.o stri_trans_normalization.o stri_trans_transliterate.o stri_ucnv.o stri_uloc.o stri_utils.o stri_wrap.o -L/usr/lib/x86_64-linux-gnu -licui18n -licuuc -licudata -L/opt/R/4.5.2/lib/R/lib -lR
installing via 'install.libs.R' to /home/runner/work/_temp/Library/00LOCK-stringi/00new/stringi
** R
** inst
** byte-compile and prepare package for lazy loading
** help
*** installing help indices
** building package indices
** testing if installed package can be loaded from temporary location
** checking absolute paths in shared objects and dynamic libraries
** testing if installed package can be loaded from final location
** testing if installed package keeps a record of temporary installation path
* DONE (stringi)
* installing *source* package ‘rprojroot’ ...
** this is package ‘rprojroot’ version ‘2.1.1’
** package ‘rprojroot’ successfully unpacked and MD5 sums checked
** using staged installation
** R
** inst
** byte-compile and prepare package for lazy loading
** help
*** installing help indices
*** copying figures
** building package indices
** installing vignettes
** testing if installed package can be loaded from temporary location
** testing if installed package can be loaded from final location
** testing if installed package keeps a record of temporary installation path
* DONE (rprojroot)
* installing *source* package ‘crayon’ ...
** this is package ‘crayon’ version ‘1.5.3’
** package ‘crayon’ successfully unpacked and MD5 sums checked
** using staged installation
** R
** byte-compile and prepare package for lazy loading
** help
*** installing help indices
** building package indices
** testing if installed package can be loaded from temporary location
** testing if installed package can be loaded from final location
** testing if installed package keeps a record of temporary installation path
* DONE (crayon)
* installing *source* package ‘futile.options’ ...
** this is package ‘futile.options’ version ‘1.0.1’
** package ‘futile.options’ successfully unpacked and MD5 sums checked
** using staged installation
** R
** byte-compile and prepare package for lazy loading
** help
*** installing help indices
** building package indices
** testing if installed package can be loaded from temporary location
** testing if installed package can be loaded from final location
** testing if installed package keeps a record of temporary installation path
* DONE (futile.options)
* installing *source* package ‘S7’ ...
** this is package ‘S7’ version ‘0.2.1’
** package ‘S7’ successfully unpacked and MD5 sums checked
** using staged installation
** libs
using C compiler: ‘gcc (Ubuntu 13.3.0-6ubuntu2~24.04) 13.3.0’
gcc -std=gnu2x -I"/opt/R/4.5.2/lib/R/include" -DNDEBUG   -I/usr/local/include    -fpic  -g -O2  -c init.c -o init.o
gcc -std=gnu2x -I"/opt/R/4.5.2/lib/R/include" -DNDEBUG   -I/usr/local/include    -fpic  -g -O2  -c method-dispatch.c -o method-dispatch.o
gcc -std=gnu2x -I"/opt/R/4.5.2/lib/R/include" -DNDEBUG   -I/usr/local/include    -fpic  -g -O2  -c prop.c -o prop.o
gcc -std=gnu2x -shared -L/opt/R/4.5.2/lib/R/lib -L/usr/local/lib -o S7.so init.o method-dispatch.o prop.o -L/opt/R/4.5.2/lib/R/lib -lR
installing to /home/runner/work/_temp/Library/00LOCK-S7/00new/S7/libs
** R
** inst
** byte-compile and prepare package for lazy loading
** help
*** installing help indices
** building package indices
** installing vignettes
** testing if installed package can be loaded from temporary location
** checking absolute paths in shared objects and dynamic libraries
** testing if installed package can be loaded from final location
** testing if installed package keeps a record of temporary installation path
* DONE (S7)
* installing *source* package ‘vctrs’ ...
** this is package ‘vctrs’ version ‘0.6.5’
** package ‘vctrs’ successfully unpacked and MD5 sums checked
** using staged installation
** libs
using C compiler: ‘gcc (Ubuntu 13.3.0-6ubuntu2~24.04) 13.3.0’
gcc -std=gnu2x -I"/opt/R/4.5.2/lib/R/include" -DNDEBUG -I./rlang  -I/usr/local/include   -fvisibility=hidden -fpic  -g -O2  -c altrep-lazy-character.c -o altrep-lazy-character.o
gcc -std=gnu2x -I"/opt/R/4.5.2/lib/R/include" -DNDEBUG -I./rlang  -I/usr/local/include   -fvisibility=hidden -fpic  -g -O2  -c altrep-rle.c -o altrep-rle.o
gcc -std=gnu2x -I"/opt/R/4.5.2/lib/R/include" -DNDEBUG -I./rlang  -I/usr/local/include   -fvisibility=hidden -fpic  -g -O2  -c altrep.c -o altrep.o
gcc -std=gnu2x -I"/opt/R/4.5.2/lib/R/include" -DNDEBUG -I./rlang  -I/usr/local/include   -fvisibility=hidden -fpic  -g -O2  -c arg-counter.c -o arg-counter.o
gcc -std=gnu2x -I"/opt/R/4.5.2/lib/R/include" -DNDEBUG -I./rlang  -I/usr/local/include   -fvisibility=hidden -fpic  -g -O2  -c arg.c -o arg.o
gcc -std=gnu2x -I"/opt/R/4.5.2/lib/R/include" -DNDEBUG -I./rlang  -I/usr/local/include   -fvisibility=hidden -fpic  -g -O2  -c assert.c -o assert.o
gcc -std=gnu2x -I"/opt/R/4.5.2/lib/R/include" -DNDEBUG -I./rlang  -I/usr/local/include   -fvisibility=hidden -fpic  -g -O2  -c bind.c -o bind.o
gcc -std=gnu2x -I"/opt/R/4.5.2/lib/R/include" -DNDEBUG -I./rlang  -I/usr/local/include   -fvisibility=hidden -fpic  -g -O2  -c c-unchop.c -o c-unchop.o
gcc -std=gnu2x -I"/opt/R/4.5.2/lib/R/include" -DNDEBUG -I./rlang  -I/usr/local/include   -fvisibility=hidden -fpic  -g -O2  -c c.c -o c.o
gcc -std=gnu2x -I"/opt/R/4.5.2/lib/R/include" -DNDEBUG -I./rlang  -I/usr/local/include   -fvisibility=hidden -fpic  -g -O2  -c callables.c -o callables.o
gcc -std=gnu2x -I"/opt/R/4.5.2/lib/R/include" -DNDEBUG -I./rlang  -I/usr/local/include   -fvisibility=hidden -fpic  -g -O2  -c cast-bare.c -o cast-bare.o
gcc -std=gnu2x -I"/opt/R/4.5.2/lib/R/include" -DNDEBUG -I./rlang  -I/usr/local/include   -fvisibility=hidden -fpic  -g -O2  -c cast-dispatch.c -o cast-dispatch.o
gcc -std=gnu2x -I"/opt/R/4.5.2/lib/R/include" -DNDEBUG -I./rlang  -I/usr/local/include   -fvisibility=hidden -fpic  -g -O2  -c cast.c -o cast.o
gcc -std=gnu2x -I"/opt/R/4.5.2/lib/R/include" -DNDEBUG -I./rlang  -I/usr/local/include   -fvisibility=hidden -fpic  -g -O2  -c compare.c -o compare.o
gcc -std=gnu2x -I"/opt/R/4.5.2/lib/R/include" -DNDEBUG -I./rlang  -I/usr/local/include   -fvisibility=hidden -fpic  -g -O2  -c complete.c -o complete.o
gcc -std=gnu2x -I"/opt/R/4.5.2/lib/R/include" -DNDEBUG -I./rlang  -I/usr/local/include   -fvisibility=hidden -fpic  -g -O2  -c conditions.c -o conditions.o
gcc -std=gnu2x -I"/opt/R/4.5.2/lib/R/include" -DNDEBUG -I./rlang  -I/usr/local/include   -fvisibility=hidden -fpic  -g -O2  -c dictionary.c -o dictionary.o
gcc -std=gnu2x -I"/opt/R/4.5.2/lib/R/include" -DNDEBUG -I./rlang  -I/usr/local/include   -fvisibility=hidden -fpic  -g -O2  -c dim.c -o dim.o
gcc -std=gnu2x -I"/opt/R/4.5.2/lib/R/include" -DNDEBUG -I./rlang  -I/usr/local/include   -fvisibility=hidden -fpic  -g -O2  -c empty.c -o empty.o
gcc -std=gnu2x -I"/opt/R/4.5.2/lib/R/include" -DNDEBUG -I./rlang  -I/usr/local/include   -fvisibility=hidden -fpic  -g -O2  -c equal.c -o equal.o
gcc -std=gnu2x -I"/opt/R/4.5.2/lib/R/include" -DNDEBUG -I./rlang  -I/usr/local/include   -fvisibility=hidden -fpic  -g -O2  -c expand.c -o expand.o
gcc -std=gnu2x -I"/opt/R/4.5.2/lib/R/include" -DNDEBUG -I./rlang  -I/usr/local/include   -fvisibility=hidden -fpic  -g -O2  -c fields.c -o fields.o
gcc -std=gnu2x -I"/opt/R/4.5.2/lib/R/include" -DNDEBUG -I./rlang  -I/usr/local/include   -fvisibility=hidden -fpic  -g -O2  -c fill.c -o fill.o
gcc -std=gnu2x -I"/opt/R/4.5.2/lib/R/include" -DNDEBUG -I./rlang  -I/usr/local/include   -fvisibility=hidden -fpic  -g -O2  -c globals.c -o globals.o
gcc -std=gnu2x -I"/opt/R/4.5.2/lib/R/include" -DNDEBUG -I./rlang  -I/usr/local/include   -fvisibility=hidden -fpic  -g -O2  -c group.c -o group.o
gcc -std=gnu2x -I"/opt/R/4.5.2/lib/R/include" -DNDEBUG -I./rlang  -I/usr/local/include   -fvisibility=hidden -fpic  -g -O2  -c growable.c -o growable.o
gcc -std=gnu2x -I"/opt/R/4.5.2/lib/R/include" -DNDEBUG -I./rlang  -I/usr/local/include   -fvisibility=hidden -fpic  -g -O2  -c hash.c -o hash.o
gcc -std=gnu2x -I"/opt/R/4.5.2/lib/R/include" -DNDEBUG -I./rlang  -I/usr/local/include   -fvisibility=hidden -fpic  -g -O2  -c init.c -o init.o
gcc -std=gnu2x -I"/opt/R/4.5.2/lib/R/include" -DNDEBUG -I./rlang  -I/usr/local/include   -fvisibility=hidden -fpic  -g -O2  -c interval.c -o interval.o
gcc -std=gnu2x -I"/opt/R/4.5.2/lib/R/include" -DNDEBUG -I./rlang  -I/usr/local/include   -fvisibility=hidden -fpic  -g -O2  -c match-joint.c -o match-joint.o
gcc -std=gnu2x -I"/opt/R/4.5.2/lib/R/include" -DNDEBUG -I./rlang  -I/usr/local/include   -fvisibility=hidden -fpic  -g -O2  -c match.c -o match.o
gcc -std=gnu2x -I"/opt/R/4.5.2/lib/R/include" -DNDEBUG -I./rlang  -I/usr/local/include   -fvisibility=hidden -fpic  -g -O2  -c missing.c -o missing.o
gcc -std=gnu2x -I"/opt/R/4.5.2/lib/R/include" -DNDEBUG -I./rlang  -I/usr/local/include   -fvisibility=hidden -fpic  -g -O2  -c names.c -o names.o
gcc -std=gnu2x -I"/opt/R/4.5.2/lib/R/include" -DNDEBUG -I./rlang  -I/usr/local/include   -fvisibility=hidden -fpic  -g -O2  -c order-collate.c -o order-collate.o
gcc -std=gnu2x -I"/opt/R/4.5.2/lib/R/include" -DNDEBUG -I./rlang  -I/usr/local/include   -fvisibility=hidden -fpic  -g -O2  -c order-groups.c -o order-groups.o
gcc -std=gnu2x -I"/opt/R/4.5.2/lib/R/include" -DNDEBUG -I./rlang  -I/usr/local/include   -fvisibility=hidden -fpic  -g -O2  -c order-sortedness.c -o order-sortedness.o
gcc -std=gnu2x -I"/opt/R/4.5.2/lib/R/include" -DNDEBUG -I./rlang  -I/usr/local/include   -fvisibility=hidden -fpic  -g -O2  -c order-truelength.c -o order-truelength.o
gcc -std=gnu2x -I"/opt/R/4.5.2/lib/R/include" -DNDEBUG -I./rlang  -I/usr/local/include   -fvisibility=hidden -fpic  -g -O2  -c order.c -o order.o
gcc -std=gnu2x -I"/opt/R/4.5.2/lib/R/include" -DNDEBUG -I./rlang  -I/usr/local/include   -fvisibility=hidden -fpic  -g -O2  -c poly-op.c -o poly-op.o
gcc -std=gnu2x -I"/opt/R/4.5.2/lib/R/include" -DNDEBUG -I./rlang  -I/usr/local/include   -fvisibility=hidden -fpic  -g -O2  -c proxy-restore.c -o proxy-restore.o
gcc -std=gnu2x -I"/opt/R/4.5.2/lib/R/include" -DNDEBUG -I./rlang  -I/usr/local/include   -fvisibility=hidden -fpic  -g -O2  -c proxy.c -o proxy.o
gcc -std=gnu2x -I"/opt/R/4.5.2/lib/R/include" -DNDEBUG -I./rlang  -I/usr/local/include   -fvisibility=hidden -fpic  -g -O2  -c ptype-common.c -o ptype-common.o
gcc -std=gnu2x -I"/opt/R/4.5.2/lib/R/include" -DNDEBUG -I./rlang  -I/usr/local/include   -fvisibility=hidden -fpic  -g -O2  -c ptype.c -o ptype.o
gcc -std=gnu2x -I"/opt/R/4.5.2/lib/R/include" -DNDEBUG -I./rlang  -I/usr/local/include   -fvisibility=hidden -fpic  -g -O2  -c ptype2-dispatch.c -o ptype2-dispatch.o
gcc -std=gnu2x -I"/opt/R/4.5.2/lib/R/include" -DNDEBUG -I./rlang  -I/usr/local/include   -fvisibility=hidden -fpic  -g -O2  -c ptype2.c -o ptype2.o
gcc -std=gnu2x -I"/opt/R/4.5.2/lib/R/include" -DNDEBUG -I./rlang  -I/usr/local/include   -fvisibility=hidden -fpic  -g -O2  -c rank.c -o rank.o
gcc -std=gnu2x -I"/opt/R/4.5.2/lib/R/include" -DNDEBUG -I./rlang  -I/usr/local/include   -fvisibility=hidden -fpic  -g -O2  -c rep.c -o rep.o
gcc -std=gnu2x -I"/opt/R/4.5.2/lib/R/include" -DNDEBUG -I./rlang  -I/usr/local/include   -fvisibility=hidden -fpic  -g -O2  -c rlang-dev.c -o rlang-dev.o
gcc -std=gnu2x -I"/opt/R/4.5.2/lib/R/include" -DNDEBUG -I./rlang  -I/usr/local/include   -fvisibility=hidden -fpic  -g -O2  -c rlang.c -o rlang.o
gcc -std=gnu2x -I"/opt/R/4.5.2/lib/R/include" -DNDEBUG -I./rlang  -I/usr/local/include   -fvisibility=hidden -fpic  -g -O2  -c runs.c -o runs.o
gcc -std=gnu2x -I"/opt/R/4.5.2/lib/R/include" -DNDEBUG -I./rlang  -I/usr/local/include   -fvisibility=hidden -fpic  -g -O2  -c set.c -o set.o
gcc -std=gnu2x -I"/opt/R/4.5.2/lib/R/include" -DNDEBUG -I./rlang  -I/usr/local/include   -fvisibility=hidden -fpic  -g -O2  -c shape.c -o shape.o
gcc -std=gnu2x -I"/opt/R/4.5.2/lib/R/include" -DNDEBUG -I./rlang  -I/usr/local/include   -fvisibility=hidden -fpic  -g -O2  -c size-common.c -o size-common.o
gcc -std=gnu2x -I"/opt/R/4.5.2/lib/R/include" -DNDEBUG -I./rlang  -I/usr/local/include   -fvisibility=hidden -fpic  -g -O2  -c size.c -o size.o
gcc -std=gnu2x -I"/opt/R/4.5.2/lib/R/include" -DNDEBUG -I./rlang  -I/usr/local/include   -fvisibility=hidden -fpic  -g -O2  -c slice-array.c -o slice-array.o
gcc -std=gnu2x -I"/opt/R/4.5.2/lib/R/include" -DNDEBUG -I./rlang  -I/usr/local/include   -fvisibility=hidden -fpic  -g -O2  -c slice-assign-array.c -o slice-assign-array.o
gcc -std=gnu2x -I"/opt/R/4.5.2/lib/R/include" -DNDEBUG -I./rlang  -I/usr/local/include   -fvisibility=hidden -fpic  -g -O2  -c slice-assign.c -o slice-assign.o
gcc -std=gnu2x -I"/opt/R/4.5.2/lib/R/include" -DNDEBUG -I./rlang  -I/usr/local/include   -fvisibility=hidden -fpic  -g -O2  -c slice-chop.c -o slice-chop.o
gcc -std=gnu2x -I"/opt/R/4.5.2/lib/R/include" -DNDEBUG -I./rlang  -I/usr/local/include   -fvisibility=hidden -fpic  -g -O2  -c slice-interleave.c -o slice-interleave.o
gcc -std=gnu2x -I"/opt/R/4.5.2/lib/R/include" -DNDEBUG -I./rlang  -I/usr/local/include   -fvisibility=hidden -fpic  -g -O2  -c slice.c -o slice.o
gcc -std=gnu2x -I"/opt/R/4.5.2/lib/R/include" -DNDEBUG -I./rlang  -I/usr/local/include   -fvisibility=hidden -fpic  -g -O2  -c split.c -o split.o
gcc -std=gnu2x -I"/opt/R/4.5.2/lib/R/include" -DNDEBUG -I./rlang  -I/usr/local/include   -fvisibility=hidden -fpic  -g -O2  -c subscript-loc.c -o subscript-loc.o
gcc -std=gnu2x -I"/opt/R/4.5.2/lib/R/include" -DNDEBUG -I./rlang  -I/usr/local/include   -fvisibility=hidden -fpic  -g -O2  -c subscript.c -o subscript.o
gcc -std=gnu2x -I"/opt/R/4.5.2/lib/R/include" -DNDEBUG -I./rlang  -I/usr/local/include   -fvisibility=hidden -fpic  -g -O2  -c translate.c -o translate.o
gcc -std=gnu2x -I"/opt/R/4.5.2/lib/R/include" -DNDEBUG -I./rlang  -I/usr/local/include   -fvisibility=hidden -fpic  -g -O2  -c type-data-frame.c -o type-data-frame.o
gcc -std=gnu2x -I"/opt/R/4.5.2/lib/R/include" -DNDEBUG -I./rlang  -I/usr/local/include   -fvisibility=hidden -fpic  -g -O2  -c type-date-time.c -o type-date-time.o
gcc -std=gnu2x -I"/opt/R/4.5.2/lib/R/include" -DNDEBUG -I./rlang  -I/usr/local/include   -fvisibility=hidden -fpic  -g -O2  -c type-factor.c -o type-factor.o
gcc -std=gnu2x -I"/opt/R/4.5.2/lib/R/include" -DNDEBUG -I./rlang  -I/usr/local/include   -fvisibility=hidden -fpic  -g -O2  -c type-info.c -o type-info.o
gcc -std=gnu2x -I"/opt/R/4.5.2/lib/R/include" -DNDEBUG -I./rlang  -I/usr/local/include   -fvisibility=hidden -fpic  -g -O2  -c type-integer64.c -o type-integer64.o
gcc -std=gnu2x -I"/opt/R/4.5.2/lib/R/include" -DNDEBUG -I./rlang  -I/usr/local/include   -fvisibility=hidden -fpic  -g -O2  -c type-tibble.c -o type-tibble.o
gcc -std=gnu2x -I"/opt/R/4.5.2/lib/R/include" -DNDEBUG -I./rlang  -I/usr/local/include   -fvisibility=hidden -fpic  -g -O2  -c typeof2-s3.c -o typeof2-s3.o
gcc -std=gnu2x -I"/opt/R/4.5.2/lib/R/include" -DNDEBUG -I./rlang  -I/usr/local/include   -fvisibility=hidden -fpic  -g -O2  -c typeof2.c -o typeof2.o
gcc -std=gnu2x -I"/opt/R/4.5.2/lib/R/include" -DNDEBUG -I./rlang  -I/usr/local/include   -fvisibility=hidden -fpic  -g -O2  -c unspecified.c -o unspecified.o
gcc -std=gnu2x -I"/opt/R/4.5.2/lib/R/include" -DNDEBUG -I./rlang  -I/usr/local/include   -fvisibility=hidden -fpic  -g -O2  -c utils-dispatch.c -o utils-dispatch.o
gcc -std=gnu2x -I"/opt/R/4.5.2/lib/R/include" -DNDEBUG -I./rlang  -I/usr/local/include   -fvisibility=hidden -fpic  -g -O2  -c utils.c -o utils.o
gcc -std=gnu2x -I"/opt/R/4.5.2/lib/R/include" -DNDEBUG -I./rlang  -I/usr/local/include   -fvisibility=hidden -fpic  -g -O2  -c vctrs-core.c -o vctrs-core.o
gcc -std=gnu2x -I"/opt/R/4.5.2/lib/R/include" -DNDEBUG -I./rlang  -I/usr/local/include   -fvisibility=hidden -fpic  -g -O2  -c version.c -o version.o
gcc -std=gnu2x -shared -L/opt/R/4.5.2/lib/R/lib -L/usr/local/lib -o vctrs.so altrep-lazy-character.o altrep-rle.o altrep.o arg-counter.o arg.o assert.o bind.o c-unchop.o c.o callables.o cast-bare.o cast-dispatch.o cast.o compare.o complete.o conditions.o dictionary.o dim.o empty.o equal.o expand.o fields.o fill.o globals.o group.o growable.o hash.o init.o interval.o match-joint.o match.o missing.o names.o order-collate.o order-groups.o order-sortedness.o order-truelength.o order.o poly-op.o proxy-restore.o proxy.o ptype-common.o ptype.o ptype2-dispatch.o ptype2.o rank.o rep.o rlang-dev.o rlang.o runs.o set.o shape.o size-common.o size.o slice-array.o slice-assign-array.o slice-assign.o slice-chop.o slice-interleave.o slice.o split.o subscript-loc.o subscript.o translate.o type-data-frame.o type-date-time.o type-factor.o type-info.o type-integer64.o type-tibble.o typeof2-s3.o typeof2.o unspecified.o utils-dispatch.o utils.o vctrs-core.o version.o -L/opt/R/4.5.2/lib/R/lib -lR
installing to /home/runner/work/_temp/Library/00LOCK-vctrs/00new/vctrs/libs
** R
** inst
** byte-compile and prepare package for lazy loading
** help
*** installing help indices
*** copying figures
** building package indices
** installing vignettes
** testing if installed package can be loaded from temporary location
** checking absolute paths in shared objects and dynamic libraries
** testing if installed package can be loaded from final location
** testing if installed package keeps a record of temporary installation path
* DONE (vctrs)
* installing *source* package ‘withr’ ...
** this is package ‘withr’ version ‘3.0.2’
** package ‘withr’ successfully unpacked and MD5 sums checked
** using staged installation
** R
** inst
** byte-compile and prepare package for lazy loading
** help
*** installing help indices
*** copying figures
** building package indices
** installing vignettes
** testing if installed package can be loaded from temporary location
** testing if installed package can be loaded from final location
** testing if installed package keeps a record of temporary installation path
* DONE (withr)
* installing *source* package ‘farver’ ...
** this is package ‘farver’ version ‘2.1.2’
** package ‘farver’ successfully unpacked and MD5 sums checked
** using staged installation
** libs
using C++ compiler: ‘g++ (Ubuntu 13.3.0-6ubuntu2~24.04) 13.3.0’
g++ -std=gnu++17 -I"/opt/R/4.5.2/lib/R/include" -DNDEBUG   -I/usr/local/include    -fpic  -g -O2   -c ColorSpace.cpp -o ColorSpace.o
g++ -std=gnu++17 -I"/opt/R/4.5.2/lib/R/include" -DNDEBUG   -I/usr/local/include    -fpic  -g -O2   -c Comparison.cpp -o Comparison.o
g++ -std=gnu++17 -I"/opt/R/4.5.2/lib/R/include" -DNDEBUG   -I/usr/local/include    -fpic  -g -O2   -c Conversion.cpp -o Conversion.o
g++ -std=gnu++17 -I"/opt/R/4.5.2/lib/R/include" -DNDEBUG   -I/usr/local/include    -fpic  -g -O2   -c encode.cpp -o encode.o
g++ -std=gnu++17 -I"/opt/R/4.5.2/lib/R/include" -DNDEBUG   -I/usr/local/include    -fpic  -g -O2   -c farver.cpp -o farver.o
g++ -std=gnu++17 -I"/opt/R/4.5.2/lib/R/include" -DNDEBUG   -I/usr/local/include    -fpic  -g -O2   -c init.cpp -o init.o
g++ -std=gnu++17 -shared -L/opt/R/4.5.2/lib/R/lib -L/usr/local/lib -o farver.so ColorSpace.o Comparison.o Conversion.o encode.o farver.o init.o -L/opt/R/4.5.2/lib/R/lib -lR
installing to /home/runner/work/_temp/Library/00LOCK-farver/00new/farver/libs
** R
** byte-compile and prepare package for lazy loading
** help
*** installing help indices
*** copying figures
** building package indices
** testing if installed package can be loaded from temporary location
** checking absolute paths in shared objects and dynamic libraries
** testing if installed package can be loaded from final location
** testing if installed package keeps a record of temporary installation path
* DONE (farver)
* installing *source* package ‘labeling’ ...
** this is package ‘labeling’ version ‘0.4.3’
** package ‘labeling’ successfully unpacked and MD5 sums checked
** using staged installation
** R
** byte-compile and prepare package for lazy loading
** help
*** installing help indices
** building package indices
** testing if installed package can be loaded from temporary location
** testing if installed package can be loaded from final location
** testing if installed package keeps a record of temporary installation path
* DONE (labeling)
* installing *source* package ‘RColorBrewer’ ...
** this is package ‘RColorBrewer’ version ‘1.1-3’
** package ‘RColorBrewer’ successfully unpacked and MD5 sums checked
** using staged installation
** R
** inst
** byte-compile and prepare package for lazy loading
** help
*** installing help indices
** building package indices
** testing if installed package can be loaded from temporary location
** testing if installed package can be loaded from final location
** testing if installed package keeps a record of temporary installation path
* DONE (RColorBrewer)
* installing *source* package ‘viridisLite’ ...
** this is package ‘viridisLite’ version ‘0.4.2’
** package ‘viridisLite’ successfully unpacked and MD5 sums checked
** using staged installation
** R
** inst
** byte-compile and prepare package for lazy loading
** help
*** installing help indices
*** copying figures
** building package indices
** testing if installed package can be loaded from temporary location
** testing if installed package can be loaded from final location
** testing if installed package keeps a record of temporary installation path
* DONE (viridisLite)
* installing *source* package ‘generics’ ...
** this is package ‘generics’ version ‘0.1.4’
** package ‘generics’ successfully unpacked and MD5 sums checked
** using staged installation
** R
** byte-compile and prepare package for lazy loading
** help
*** installing help indices
** building package indices
** testing if installed package can be loaded from temporary location
** testing if installed package can be loaded from final location
** testing if installed package keeps a record of temporary installation path
* DONE (generics)
* installing *source* package ‘magrittr’ ...
** this is package ‘magrittr’ version ‘2.0.4’
** package ‘magrittr’ successfully unpacked and MD5 sums checked
** using staged installation
** libs
using C compiler: ‘gcc (Ubuntu 13.3.0-6ubuntu2~24.04) 13.3.0’
gcc -std=gnu2x -I"/opt/R/4.5.2/lib/R/include" -DNDEBUG   -I/usr/local/include    -fpic  -g -O2  -c pipe.c -o pipe.o
gcc -std=gnu2x -I"/opt/R/4.5.2/lib/R/include" -DNDEBUG   -I/usr/local/include    -fpic  -g -O2  -c utils.c -o utils.o
gcc -std=gnu2x -shared -L/opt/R/4.5.2/lib/R/lib -L/usr/local/lib -o magrittr.so pipe.o utils.o -L/opt/R/4.5.2/lib/R/lib -lR
installing to /home/runner/work/_temp/Library/00LOCK-magrittr/00new/magrittr/libs
** R
** inst
** byte-compile and prepare package for lazy loading
** help
*** installing help indices
*** copying figures
** building package indices
** installing vignettes
** testing if installed package can be loaded from temporary location
** checking absolute paths in shared objects and dynamic libraries
** testing if installed package can be loaded from final location
** testing if installed package keeps a record of temporary installation path
* DONE (magrittr)
* installing *source* package ‘Rcpp’ ...
** this is package ‘Rcpp’ version ‘1.1.0’
** package ‘Rcpp’ successfully unpacked and MD5 sums checked
** using staged installation
** libs
using C++ compiler: ‘g++ (Ubuntu 13.3.0-6ubuntu2~24.04) 13.3.0’
g++ -std=gnu++17 -I"/opt/R/4.5.2/lib/R/include" -DNDEBUG -I../inst/include/  -I/usr/local/include    -fpic  -g -O2   -c api.cpp -o api.o
g++ -std=gnu++17 -I"/opt/R/4.5.2/lib/R/include" -DNDEBUG -I../inst/include/  -I/usr/local/include    -fpic  -g -O2   -c attributes.cpp -o attributes.o
g++ -std=gnu++17 -I"/opt/R/4.5.2/lib/R/include" -DNDEBUG -I../inst/include/  -I/usr/local/include    -fpic  -g -O2   -c barrier.cpp -o barrier.o
g++ -std=gnu++17 -I"/opt/R/4.5.2/lib/R/include" -DNDEBUG -I../inst/include/  -I/usr/local/include    -fpic  -g -O2   -c date.cpp -o date.o
g++ -std=gnu++17 -I"/opt/R/4.5.2/lib/R/include" -DNDEBUG -I../inst/include/  -I/usr/local/include    -fpic  -g -O2   -c module.cpp -o module.o
g++ -std=gnu++17 -I"/opt/R/4.5.2/lib/R/include" -DNDEBUG -I../inst/include/  -I/usr/local/include    -fpic  -g -O2   -c rcpp_init.cpp -o rcpp_init.o
g++ -std=gnu++17 -shared -L/opt/R/4.5.2/lib/R/lib -L/usr/local/lib -o Rcpp.so api.o attributes.o barrier.o date.o module.o rcpp_init.o -L/opt/R/4.5.2/lib/R/lib -lR
installing to /home/runner/work/_temp/Library/00LOCK-Rcpp/00new/Rcpp/libs
** R
** inst
** byte-compile and prepare package for lazy loading
** help
*** installing help indices
** building package indices
** installing vignettes
** testing if installed package can be loaded from temporary location
** checking absolute paths in shared objects and dynamic libraries
** testing if installed package can be loaded from final location
** testing if installed package keeps a record of temporary installation path
* DONE (Rcpp)
* installing *source* package ‘curl’ ...
** this is package ‘curl’ version ‘7.0.0’
** package ‘curl’ successfully unpacked and MD5 sums checked
** using staged installation
Found pkg-config cflags and libs!
Using PKG_CFLAGS=-I/usr/include/x86_64-linux-gnu 
Using PKG_LIBS=-lcurl 
** libs
using C compiler: ‘gcc (Ubuntu 13.3.0-6ubuntu2~24.04) 13.3.0’
gcc -std=gnu2x -I"/opt/R/4.5.2/lib/R/include" -DNDEBUG -I/usr/include/x86_64-linux-gnu  -DSTRICT_R_HEADERS -DR_NO_REMAP  -I/usr/local/include   -fvisibility=hidden -fpic  -g -O2  -c callbacks.c -o callbacks.o
gcc -std=gnu2x -I"/opt/R/4.5.2/lib/R/include" -DNDEBUG -I/usr/include/x86_64-linux-gnu  -DSTRICT_R_HEADERS -DR_NO_REMAP  -I/usr/local/include   -fvisibility=hidden -fpic  -g -O2  -c curl.c -o curl.o
gcc -std=gnu2x -I"/opt/R/4.5.2/lib/R/include" -DNDEBUG -I/usr/include/x86_64-linux-gnu  -DSTRICT_R_HEADERS -DR_NO_REMAP  -I/usr/local/include   -fvisibility=hidden -fpic  -g -O2  -c download.c -o download.o
gcc -std=gnu2x -I"/opt/R/4.5.2/lib/R/include" -DNDEBUG -I/usr/include/x86_64-linux-gnu  -DSTRICT_R_HEADERS -DR_NO_REMAP  -I/usr/local/include   -fvisibility=hidden -fpic  -g -O2  -c dryrun.c -o dryrun.o
gcc -std=gnu2x -I"/opt/R/4.5.2/lib/R/include" -DNDEBUG -I/usr/include/x86_64-linux-gnu  -DSTRICT_R_HEADERS -DR_NO_REMAP  -I/usr/local/include   -fvisibility=hidden -fpic  -g -O2  -c escape.c -o escape.o
gcc -std=gnu2x -I"/opt/R/4.5.2/lib/R/include" -DNDEBUG -I/usr/include/x86_64-linux-gnu  -DSTRICT_R_HEADERS -DR_NO_REMAP  -I/usr/local/include   -fvisibility=hidden -fpic  -g -O2  -c fetch.c -o fetch.o
gcc -std=gnu2x -I"/opt/R/4.5.2/lib/R/include" -DNDEBUG -I/usr/include/x86_64-linux-gnu  -DSTRICT_R_HEADERS -DR_NO_REMAP  -I/usr/local/include   -fvisibility=hidden -fpic  -g -O2  -c findport.c -o findport.o
gcc -std=gnu2x -I"/opt/R/4.5.2/lib/R/include" -DNDEBUG -I/usr/include/x86_64-linux-gnu  -DSTRICT_R_HEADERS -DR_NO_REMAP  -I/usr/local/include   -fvisibility=hidden -fpic  -g -O2  -c form.c -o form.o
gcc -std=gnu2x -I"/opt/R/4.5.2/lib/R/include" -DNDEBUG -I/usr/include/x86_64-linux-gnu  -DSTRICT_R_HEADERS -DR_NO_REMAP  -I/usr/local/include   -fvisibility=hidden -fpic  -g -O2  -c getdate.c -o getdate.o
gcc -std=gnu2x -I"/opt/R/4.5.2/lib/R/include" -DNDEBUG -I/usr/include/x86_64-linux-gnu  -DSTRICT_R_HEADERS -DR_NO_REMAP  -I/usr/local/include   -fvisibility=hidden -fpic  -g -O2  -c handle.c -o handle.o
gcc -std=gnu2x -I"/opt/R/4.5.2/lib/R/include" -DNDEBUG -I/usr/include/x86_64-linux-gnu  -DSTRICT_R_HEADERS -DR_NO_REMAP  -I/usr/local/include   -fvisibility=hidden -fpic  -g -O2  -c ieproxy.c -o ieproxy.o
gcc -std=gnu2x -I"/opt/R/4.5.2/lib/R/include" -DNDEBUG -I/usr/include/x86_64-linux-gnu  -DSTRICT_R_HEADERS -DR_NO_REMAP  -I/usr/local/include   -fvisibility=hidden -fpic  -g -O2  -c init.c -o init.o
gcc -std=gnu2x -I"/opt/R/4.5.2/lib/R/include" -DNDEBUG -I/usr/include/x86_64-linux-gnu  -DSTRICT_R_HEADERS -DR_NO_REMAP  -I/usr/local/include   -fvisibility=hidden -fpic  -g -O2  -c interrupt.c -o interrupt.o
gcc -std=gnu2x -I"/opt/R/4.5.2/lib/R/include" -DNDEBUG -I/usr/include/x86_64-linux-gnu  -DSTRICT_R_HEADERS -DR_NO_REMAP  -I/usr/local/include   -fvisibility=hidden -fpic  -g -O2  -c multi.c -o multi.o
gcc -std=gnu2x -I"/opt/R/4.5.2/lib/R/include" -DNDEBUG -I/usr/include/x86_64-linux-gnu  -DSTRICT_R_HEADERS -DR_NO_REMAP  -I/usr/local/include   -fvisibility=hidden -fpic  -g -O2  -c nslookup.c -o nslookup.o
gcc -std=gnu2x -I"/opt/R/4.5.2/lib/R/include" -DNDEBUG -I/usr/include/x86_64-linux-gnu  -DSTRICT_R_HEADERS -DR_NO_REMAP  -I/usr/local/include   -fvisibility=hidden -fpic  -g -O2  -c options.c -o options.o
gcc -std=gnu2x -I"/opt/R/4.5.2/lib/R/include" -DNDEBUG -I/usr/include/x86_64-linux-gnu  -DSTRICT_R_HEADERS -DR_NO_REMAP  -I/usr/local/include   -fvisibility=hidden -fpic  -g -O2  -c reflist.c -o reflist.o
gcc -std=gnu2x -I"/opt/R/4.5.2/lib/R/include" -DNDEBUG -I/usr/include/x86_64-linux-gnu  -DSTRICT_R_HEADERS -DR_NO_REMAP  -I/usr/local/include   -fvisibility=hidden -fpic  -g -O2  -c split.c -o split.o
gcc -std=gnu2x -I"/opt/R/4.5.2/lib/R/include" -DNDEBUG -I/usr/include/x86_64-linux-gnu  -DSTRICT_R_HEADERS -DR_NO_REMAP  -I/usr/local/include   -fvisibility=hidden -fpic  -g -O2  -c ssl.c -o ssl.o
gcc -std=gnu2x -I"/opt/R/4.5.2/lib/R/include" -DNDEBUG -I/usr/include/x86_64-linux-gnu  -DSTRICT_R_HEADERS -DR_NO_REMAP  -I/usr/local/include   -fvisibility=hidden -fpic  -g -O2  -c typechecking.c -o typechecking.o
gcc -std=gnu2x -I"/opt/R/4.5.2/lib/R/include" -DNDEBUG -I/usr/include/x86_64-linux-gnu  -DSTRICT_R_HEADERS -DR_NO_REMAP  -I/usr/local/include   -fvisibility=hidden -fpic  -g -O2  -c urlparser.c -o urlparser.o
gcc -std=gnu2x -I"/opt/R/4.5.2/lib/R/include" -DNDEBUG -I/usr/include/x86_64-linux-gnu  -DSTRICT_R_HEADERS -DR_NO_REMAP  -I/usr/local/include   -fvisibility=hidden -fpic  -g -O2  -c utils.c -o utils.o
gcc -std=gnu2x -I"/opt/R/4.5.2/lib/R/include" -DNDEBUG -I/usr/include/x86_64-linux-gnu  -DSTRICT_R_HEADERS -DR_NO_REMAP  -I/usr/local/include   -fvisibility=hidden -fpic  -g -O2  -c version.c -o version.o
gcc -std=gnu2x -I"/opt/R/4.5.2/lib/R/include" -DNDEBUG -I/usr/include/x86_64-linux-gnu  -DSTRICT_R_HEADERS -DR_NO_REMAP  -I/usr/local/include   -fvisibility=hidden -fpic  -g -O2  -c winidn.c -o winidn.o
gcc -std=gnu2x -I"/opt/R/4.5.2/lib/R/include" -DNDEBUG -I/usr/include/x86_64-linux-gnu  -DSTRICT_R_HEADERS -DR_NO_REMAP  -I/usr/local/include   -fvisibility=hidden -fpic  -g -O2  -c writer.c -o writer.o
gcc -std=gnu2x -shared -L/opt/R/4.5.2/lib/R/lib -L/usr/local/lib -o curl.so callbacks.o curl.o download.o dryrun.o escape.o fetch.o findport.o form.o getdate.o handle.o ieproxy.o init.o interrupt.o multi.o nslookup.o options.o reflist.o split.o ssl.o typechecking.o urlparser.o utils.o version.o winidn.o writer.o -lcurl -L/opt/R/4.5.2/lib/R/lib -lR
installing to /home/runner/work/_temp/Library/00LOCK-curl/00new/curl/libs
** R
** inst
** byte-compile and prepare package for lazy loading
** help
*** installing help indices
** building package indices
** installing vignettes
** testing if installed package can be loaded from temporary location
** checking absolute paths in shared objects and dynamic libraries
** testing if installed package can be loaded from final location
** testing if installed package keeps a record of temporary installation path
* DONE (curl)
* installing *source* package ‘brio’ ...
** this is package ‘brio’ version ‘1.1.5’
** package ‘brio’ successfully unpacked and MD5 sums checked
** using staged installation
** libs
using C compiler: ‘gcc (Ubuntu 13.3.0-6ubuntu2~24.04) 13.3.0’
gcc -std=gnu2x -I"/opt/R/4.5.2/lib/R/include" -DNDEBUG   -I/usr/local/include    -fpic  -g -O2  -c brio.c -o brio.o
gcc -std=gnu2x -I"/opt/R/4.5.2/lib/R/include" -DNDEBUG   -I/usr/local/include    -fpic  -g -O2  -c file_line_endings.c -o file_line_endings.o
gcc -std=gnu2x -I"/opt/R/4.5.2/lib/R/include" -DNDEBUG   -I/usr/local/include    -fpic  -g -O2  -c init.c -o init.o
gcc -std=gnu2x -I"/opt/R/4.5.2/lib/R/include" -DNDEBUG   -I/usr/local/include    -fpic  -g -O2  -c read_file.c -o read_file.o
gcc -std=gnu2x -I"/opt/R/4.5.2/lib/R/include" -DNDEBUG   -I/usr/local/include    -fpic  -g -O2  -c read_file_raw.c -o read_file_raw.o
gcc -std=gnu2x -I"/opt/R/4.5.2/lib/R/include" -DNDEBUG   -I/usr/local/include    -fpic  -g -O2  -c read_lines.c -o read_lines.o
gcc -std=gnu2x -I"/opt/R/4.5.2/lib/R/include" -DNDEBUG   -I/usr/local/include    -fpic  -g -O2  -c write_file.c -o write_file.o
gcc -std=gnu2x -I"/opt/R/4.5.2/lib/R/include" -DNDEBUG   -I/usr/local/include    -fpic  -g -O2  -c write_file_raw.c -o write_file_raw.o
gcc -std=gnu2x -I"/opt/R/4.5.2/lib/R/include" -DNDEBUG   -I/usr/local/include    -fpic  -g -O2  -c write_lines.c -o write_lines.o
gcc -std=gnu2x -shared -L/opt/R/4.5.2/lib/R/lib -L/usr/local/lib -o brio.so brio.o file_line_endings.o init.o read_file.o read_file_raw.o read_lines.o write_file.o write_file_raw.o write_lines.o -L/opt/R/4.5.2/lib/R/lib -lR
installing to /home/runner/work/_temp/Library/00LOCK-brio/00new/brio/libs
** R
** byte-compile and prepare package for lazy loading
** help
*** installing help indices
** building package indices
** testing if installed package can be loaded from temporary location
** checking absolute paths in shared objects and dynamic libraries
** testing if installed package can be loaded from final location
** testing if installed package keeps a record of temporary installation path
* DONE (brio)
* installing *source* package ‘desc’ ...
** this is package ‘desc’ version ‘1.4.3’
** package ‘desc’ successfully unpacked and MD5 sums checked
** using staged installation
** R
** inst
** byte-compile and prepare package for lazy loading
** help
*** installing help indices
** building package indices
** testing if installed package can be loaded from temporary location
** testing if installed package can be loaded from final location
** testing if installed package keeps a record of temporary installation path
* DONE (desc)
* installing *source* package ‘praise’ ...
** this is package ‘praise’ version ‘1.0.0’
** package ‘praise’ successfully unpacked and MD5 sums checked
** using staged installation
** R
** inst
** byte-compile and prepare package for lazy loading
** help
*** installing help indices
** building package indices
** testing if installed package can be loaded from temporary location
** testing if installed package can be loaded from final location
** testing if installed package keeps a record of temporary installation path
* DONE (praise)
* installing *source* package ‘ps’ ...
** this is package ‘ps’ version ‘1.9.1’
** package ‘ps’ successfully unpacked and MD5 sums checked
** using staged installation
** libs
using C compiler: ‘gcc (Ubuntu 13.3.0-6ubuntu2~24.04) 13.3.0’
gcc -std=gnu2x -g -O2  -L/usr/local/lib -Wall px.c -o px
In file included from /usr/include/features.h:502,
                 from /usr/include/unistd.h:25,
                 from px.c:6:
In function ‘read’,
    inlined from ‘echo_from_fd’ at px.c:83:9:
/usr/include/x86_64-linux-gnu/bits/unistd.h:28:10: warning: ‘__read_alias’ specified size 18446744073709551614 exceeds maximum object size 9223372036854775807 [-Wstringop-overflow=]
   28 |   return __glibc_fortify (read, __nbytes, sizeof (char),
      |          ^~~~~~~~~~~~~~~
/usr/include/x86_64-linux-gnu/bits/unistd-decl.h: In function ‘echo_from_fd’:
/usr/include/x86_64-linux-gnu/bits/unistd-decl.h:29:16: note: in a call to function ‘__read_alias’ declared with attribute ‘access (write_only, 2, 3)’
   29 | extern ssize_t __REDIRECT_FORTIFY (__read_alias, (int __fd, void *__buf,
      |                ^~~~~~~~~~~~~~~~~~
gcc -std=gnu2x -I"/opt/R/4.5.2/lib/R/include" -DNDEBUG   -I/usr/local/include    -fpic  -g -O2  -c init.c -o init.o
gcc -std=gnu2x -I"/opt/R/4.5.2/lib/R/include" -DNDEBUG   -I/usr/local/include    -fpic  -g -O2  -c api-common.c -o api-common.o
gcc -std=gnu2x -I"/opt/R/4.5.2/lib/R/include" -DNDEBUG   -I/usr/local/include    -fpic  -g -O2  -c common.c -o common.o
gcc -std=gnu2x -I"/opt/R/4.5.2/lib/R/include" -DNDEBUG   -I/usr/local/include    -fpic  -g -O2  -c extra.c -o extra.o
gcc -std=gnu2x -I"/opt/R/4.5.2/lib/R/include" -DNDEBUG   -I/usr/local/include    -fpic  -g -O2  -c dummy.c -o dummy.o
gcc -std=gnu2x -I"/opt/R/4.5.2/lib/R/include" -DNDEBUG   -I/usr/local/include    -fpic  -g -O2  -c error-codes.c -o error-codes.o
gcc -std=gnu2x -I"/opt/R/4.5.2/lib/R/include" -DNDEBUG   -I/usr/local/include    -fpic  -g -O2  -c cleancall.c -o cleancall.o
gcc -std=gnu2x -I"/opt/R/4.5.2/lib/R/include" -DNDEBUG   -I/usr/local/include    -fpic  -g -O2  -c posix.c -o posix.o
gcc -std=gnu2x -I"/opt/R/4.5.2/lib/R/include" -DNDEBUG   -I/usr/local/include    -fpic  -g -O2  -c api-posix.c -o api-posix.o
gcc -std=gnu2x -I"/opt/R/4.5.2/lib/R/include" -DNDEBUG   -I/usr/local/include    -fpic  -g -O2  -c linux.c -o linux.o
gcc -std=gnu2x -I"/opt/R/4.5.2/lib/R/include" -DNDEBUG   -I/usr/local/include    -fpic  -g -O2  -c api-linux.c -o api-linux.o
gcc -std=gnu2x -shared -L/opt/R/4.5.2/lib/R/lib -L/usr/local/lib -o ps.so init.o api-common.o common.o extra.o dummy.o error-codes.o cleancall.o posix.o api-posix.o linux.o api-linux.o -L/opt/R/4.5.2/lib/R/lib -lR
installing via 'install.libs.R' to /home/runner/work/_temp/Library/00LOCK-ps/00new/ps
** R
** inst
** byte-compile and prepare package for lazy loading
** help
*** installing help indices
** building package indices
** testing if installed package can be loaded from temporary location
** checking absolute paths in shared objects and dynamic libraries
** testing if installed package can be loaded from final location
** testing if installed package keeps a record of temporary installation path
* DONE (ps)
* installing *source* package ‘cpp11’ ...
** this is package ‘cpp11’ version ‘0.5.2’
** package ‘cpp11’ successfully unpacked and MD5 sums checked
** using staged installation
** R
** inst
** byte-compile and prepare package for lazy loading
** help
*** installing help indices
** building package indices
** installing vignettes
** testing if installed package can be loaded from temporary location
** testing if installed package can be loaded from final location
** testing if installed package keeps a record of temporary installation path
* DONE (cpp11)
* installing *source* package ‘xml2’ ...
** this is package ‘xml2’ version ‘1.5.1’
** package ‘xml2’ successfully unpacked and MD5 sums checked
** using staged installation
Found pkg-config cflags and libs!
Using PKG_CFLAGS=-I/usr/include/libxml2
Using PKG_LIBS=-lxml2
** libs
using C compiler: ‘gcc (Ubuntu 13.3.0-6ubuntu2~24.04) 13.3.0’
using C++ compiler: ‘g++ (Ubuntu 13.3.0-6ubuntu2~24.04) 13.3.0’
g++ -std=gnu++17 -I"/opt/R/4.5.2/lib/R/include" -DNDEBUG -I../inst/include -I/usr/include/libxml2 -DUCHAR_TYPE=wchar_t -DU_SHOW_CPLUSPLUS_API=0 -DSTRICT_R_HEADERS -DR_NO_REMAP  -I/usr/local/include   -fvisibility=hidden -fpic  -g -O2   -c connection.cpp -o connection.o
gcc -std=gnu2x -I"/opt/R/4.5.2/lib/R/include" -DNDEBUG -I../inst/include -I/usr/include/libxml2 -DUCHAR_TYPE=wchar_t -DU_SHOW_CPLUSPLUS_API=0 -DSTRICT_R_HEADERS -DR_NO_REMAP  -I/usr/local/include   -fvisibility=hidden -fpic  -g -O2  -c init.c -o init.o
g++ -std=gnu++17 -I"/opt/R/4.5.2/lib/R/include" -DNDEBUG -I../inst/include -I/usr/include/libxml2 -DUCHAR_TYPE=wchar_t -DU_SHOW_CPLUSPLUS_API=0 -DSTRICT_R_HEADERS -DR_NO_REMAP  -I/usr/local/include   -fvisibility=hidden -fpic  -g -O2   -c xml2_doc.cpp -o xml2_doc.o
gcc -std=gnu2x -I"/opt/R/4.5.2/lib/R/include" -DNDEBUG -I../inst/include -I/usr/include/libxml2 -DUCHAR_TYPE=wchar_t -DU_SHOW_CPLUSPLUS_API=0 -DSTRICT_R_HEADERS -DR_NO_REMAP  -I/usr/local/include   -fvisibility=hidden -fpic  -g -O2  -c xml2_init.c -o xml2_init.o
g++ -std=gnu++17 -I"/opt/R/4.5.2/lib/R/include" -DNDEBUG -I../inst/include -I/usr/include/libxml2 -DUCHAR_TYPE=wchar_t -DU_SHOW_CPLUSPLUS_API=0 -DSTRICT_R_HEADERS -DR_NO_REMAP  -I/usr/local/include   -fvisibility=hidden -fpic  -g -O2   -c xml2_namespace.cpp -o xml2_namespace.o
g++ -std=gnu++17 -I"/opt/R/4.5.2/lib/R/include" -DNDEBUG -I../inst/include -I/usr/include/libxml2 -DUCHAR_TYPE=wchar_t -DU_SHOW_CPLUSPLUS_API=0 -DSTRICT_R_HEADERS -DR_NO_REMAP  -I/usr/local/include   -fvisibility=hidden -fpic  -g -O2   -c xml2_node.cpp -o xml2_node.o
g++ -std=gnu++17 -I"/opt/R/4.5.2/lib/R/include" -DNDEBUG -I../inst/include -I/usr/include/libxml2 -DUCHAR_TYPE=wchar_t -DU_SHOW_CPLUSPLUS_API=0 -DSTRICT_R_HEADERS -DR_NO_REMAP  -I/usr/local/include   -fvisibility=hidden -fpic  -g -O2   -c xml2_output.cpp -o xml2_output.o
g++ -std=gnu++17 -I"/opt/R/4.5.2/lib/R/include" -DNDEBUG -I../inst/include -I/usr/include/libxml2 -DUCHAR_TYPE=wchar_t -DU_SHOW_CPLUSPLUS_API=0 -DSTRICT_R_HEADERS -DR_NO_REMAP  -I/usr/local/include   -fvisibility=hidden -fpic  -g -O2   -c xml2_schema.cpp -o xml2_schema.o
g++ -std=gnu++17 -I"/opt/R/4.5.2/lib/R/include" -DNDEBUG -I../inst/include -I/usr/include/libxml2 -DUCHAR_TYPE=wchar_t -DU_SHOW_CPLUSPLUS_API=0 -DSTRICT_R_HEADERS -DR_NO_REMAP  -I/usr/local/include   -fvisibility=hidden -fpic  -g -O2   -c xml2_url.cpp -o xml2_url.o
g++ -std=gnu++17 -I"/opt/R/4.5.2/lib/R/include" -DNDEBUG -I../inst/include -I/usr/include/libxml2 -DUCHAR_TYPE=wchar_t -DU_SHOW_CPLUSPLUS_API=0 -DSTRICT_R_HEADERS -DR_NO_REMAP  -I/usr/local/include   -fvisibility=hidden -fpic  -g -O2   -c xml2_xpath.cpp -o xml2_xpath.o
g++ -std=gnu++17 -shared -L/opt/R/4.5.2/lib/R/lib -L/usr/local/lib -o xml2.so connection.o init.o xml2_doc.o xml2_init.o xml2_namespace.o xml2_node.o xml2_output.o xml2_schema.o xml2_url.o xml2_xpath.o -lxml2 -L/opt/R/4.5.2/lib/R/lib -lR
installing to /home/runner/work/_temp/Library/00LOCK-xml2/00new/xml2/libs
** R
** inst
** byte-compile and prepare package for lazy loading
** help
*** installing help indices
*** copying figures
** building package indices
** installing vignettes
** testing if installed package can be loaded from temporary location
** checking absolute paths in shared objects and dynamic libraries
** testing if installed package can be loaded from final location
** testing if installed package keeps a record of temporary installation path
* DONE (xml2)
* installing *source* package ‘gtable’ ...
** this is package ‘gtable’ version ‘0.3.6’
** package ‘gtable’ successfully unpacked and MD5 sums checked
** using staged installation
** R
** inst
** byte-compile and prepare package for lazy loading
** help
*** installing help indices
*** copying figures
** building package indices
** installing vignettes
** testing if installed package can be loaded from temporary location
** testing if installed package can be loaded from final location
** testing if installed package keeps a record of temporary installation path
* DONE (gtable)
* installing *source* package ‘Cairo’ ...
** this is package ‘Cairo’ version ‘1.7-0’
** package ‘Cairo’ successfully unpacked and MD5 sums checked
** using staged installation
checking for gcc... gcc -std=gnu2x
checking whether the C compiler works... yes
checking for C compiler default output file name... a.out
checking for suffix of executables... 
checking whether we are cross compiling... no
checking for suffix of object files... o
checking whether the compiler supports GNU C... yes
checking whether gcc -std=gnu2x accepts -g... yes
checking for gcc -std=gnu2x option to enable C11 features... none needed
checking for sys/wait.h that is POSIX.1 compatible... yes
checking for stdio.h... yes
checking for stdlib.h... yes
checking for string.h... yes
checking for inttypes.h... yes
checking for stdint.h... yes
checking for strings.h... yes
checking for sys/stat.h... yes
checking for sys/types.h... yes
checking for unistd.h... yes
checking for string.h... (cached) yes
checking for sys/time.h... yes
checking for unistd.h... (cached) yes
checking for an ANSI C-conforming const... yes
checking for pkg-config... /usr/bin/pkg-config
checking whether pkg-config knows about cairo... yes
checking for configurable backends... cairo cairo-ft cairo-pdf cairo-png cairo-ps cairo-xlib cairo-xlib-xrender
checking whether --static is needed... no
configure: CAIRO_CFLAGS=-I/usr/include/cairo -I/usr/include/libpng16 -I/usr/include/freetype2 -I/usr/include/pixman-1 
checking if R was compiled with the RConn patch... no
checking for cairo.h... yes
checking for PNG support in Cairo... yes
checking for ATS font support in Cairo... no
configure: CAIRO_LIBS=-lfreetype -lpng16 -lz -lXext -lcairo -lXrender -lX11 
checking for library containing deflate... none required
checking whether Cairo programs can be compiled... yes
checking for gcc -std=gnu2x options needed to detect all undeclared functions... none needed
checking whether cairo_image_surface_get_format is declared... no
checking whether FreeType support is desired... auto
checking for FreeType support in cairo... yes
checking whether FreeType needs additional flags... no
checking whether pkg-config knows about Xt... no
checking whether libjpeg works... yes
checking whether Harfbuzz layout is desired... auto
checking whether Harfbuzz + ICU works... yes
checking whether libtiff works... yes
configure: creating ./config.status
config.status: creating src/Makevars
config.status: creating src/cconfig.h
** libs
using C compiler: ‘gcc (Ubuntu 13.3.0-6ubuntu2~24.04) 13.3.0’
gcc -std=gnu2x -I"/opt/R/4.5.2/lib/R/include" -DNDEBUG -I/usr/include/cairo -I/usr/include/libpng16 -I/usr/include/freetype2 -I/usr/include/pixman-1  -I/usr/include/harfbuzz -I/usr/include/freetype2 -I/usr/include/libpng16 -I/usr/include/glib-2.0 -I/usr/lib/x86_64-linux-gnu/glib-2.0/include   -I. -Iinclude  -I/usr/local/include   -g -O2 -fpic  -g -O2  -c cairobem.c -o cairobem.o
gcc -std=gnu2x -I"/opt/R/4.5.2/lib/R/include" -DNDEBUG -I/usr/include/cairo -I/usr/include/libpng16 -I/usr/include/freetype2 -I/usr/include/pixman-1  -I/usr/include/harfbuzz -I/usr/include/freetype2 -I/usr/include/libpng16 -I/usr/include/glib-2.0 -I/usr/lib/x86_64-linux-gnu/glib-2.0/include   -I. -Iinclude  -I/usr/local/include   -g -O2 -fpic  -g -O2  -c cairogd.c -o cairogd.o
gcc -std=gnu2x -I"/opt/R/4.5.2/lib/R/include" -DNDEBUG -I/usr/include/cairo -I/usr/include/libpng16 -I/usr/include/freetype2 -I/usr/include/pixman-1  -I/usr/include/harfbuzz -I/usr/include/freetype2 -I/usr/include/libpng16 -I/usr/include/glib-2.0 -I/usr/lib/x86_64-linux-gnu/glib-2.0/include   -I. -Iinclude  -I/usr/local/include   -g -O2 -fpic  -g -O2  -c cairotalk.c -o cairotalk.o
gcc -std=gnu2x -I"/opt/R/4.5.2/lib/R/include" -DNDEBUG -I/usr/include/cairo -I/usr/include/libpng16 -I/usr/include/freetype2 -I/usr/include/pixman-1  -I/usr/include/harfbuzz -I/usr/include/freetype2 -I/usr/include/libpng16 -I/usr/include/glib-2.0 -I/usr/lib/x86_64-linux-gnu/glib-2.0/include   -I. -Iinclude  -I/usr/local/include   -g -O2 -fpic  -g -O2  -c coreutil.c -o coreutil.o
gcc -std=gnu2x -I"/opt/R/4.5.2/lib/R/include" -DNDEBUG -I/usr/include/cairo -I/usr/include/libpng16 -I/usr/include/freetype2 -I/usr/include/pixman-1  -I/usr/include/harfbuzz -I/usr/include/freetype2 -I/usr/include/libpng16 -I/usr/include/glib-2.0 -I/usr/lib/x86_64-linux-gnu/glib-2.0/include   -I. -Iinclude  -I/usr/local/include   -g -O2 -fpic  -g -O2  -c img-backend.c -o img-backend.o
gcc -std=gnu2x -I"/opt/R/4.5.2/lib/R/include" -DNDEBUG -I/usr/include/cairo -I/usr/include/libpng16 -I/usr/include/freetype2 -I/usr/include/pixman-1  -I/usr/include/harfbuzz -I/usr/include/freetype2 -I/usr/include/libpng16 -I/usr/include/glib-2.0 -I/usr/lib/x86_64-linux-gnu/glib-2.0/include   -I. -Iinclude  -I/usr/local/include   -g -O2 -fpic  -g -O2  -c img-jpeg.c -o img-jpeg.o
gcc -std=gnu2x -I"/opt/R/4.5.2/lib/R/include" -DNDEBUG -I/usr/include/cairo -I/usr/include/libpng16 -I/usr/include/freetype2 -I/usr/include/pixman-1  -I/usr/include/harfbuzz -I/usr/include/freetype2 -I/usr/include/libpng16 -I/usr/include/glib-2.0 -I/usr/lib/x86_64-linux-gnu/glib-2.0/include   -I. -Iinclude  -I/usr/local/include   -g -O2 -fpic  -g -O2  -c img-tiff.c -o img-tiff.o
gcc -std=gnu2x -I"/opt/R/4.5.2/lib/R/include" -DNDEBUG -I/usr/include/cairo -I/usr/include/libpng16 -I/usr/include/freetype2 -I/usr/include/pixman-1  -I/usr/include/harfbuzz -I/usr/include/freetype2 -I/usr/include/libpng16 -I/usr/include/glib-2.0 -I/usr/lib/x86_64-linux-gnu/glib-2.0/include   -I. -Iinclude  -I/usr/local/include   -g -O2 -fpic  -g -O2  -c pdf-backend.c -o pdf-backend.o
gcc -std=gnu2x -I"/opt/R/4.5.2/lib/R/include" -DNDEBUG -I/usr/include/cairo -I/usr/include/libpng16 -I/usr/include/freetype2 -I/usr/include/pixman-1  -I/usr/include/harfbuzz -I/usr/include/freetype2 -I/usr/include/libpng16 -I/usr/include/glib-2.0 -I/usr/lib/x86_64-linux-gnu/glib-2.0/include   -I. -Iinclude  -I/usr/local/include   -g -O2 -fpic  -g -O2  -c ps-backend.c -o ps-backend.o
gcc -std=gnu2x -I"/opt/R/4.5.2/lib/R/include" -DNDEBUG -I/usr/include/cairo -I/usr/include/libpng16 -I/usr/include/freetype2 -I/usr/include/pixman-1  -I/usr/include/harfbuzz -I/usr/include/freetype2 -I/usr/include/libpng16 -I/usr/include/glib-2.0 -I/usr/lib/x86_64-linux-gnu/glib-2.0/include   -I. -Iinclude  -I/usr/local/include   -g -O2 -fpic  -g -O2  -c svg-backend.c -o svg-backend.o
gcc -std=gnu2x -I"/opt/R/4.5.2/lib/R/include" -DNDEBUG -I/usr/include/cairo -I/usr/include/libpng16 -I/usr/include/freetype2 -I/usr/include/pixman-1  -I/usr/include/harfbuzz -I/usr/include/freetype2 -I/usr/include/libpng16 -I/usr/include/glib-2.0 -I/usr/lib/x86_64-linux-gnu/glib-2.0/include   -I. -Iinclude  -I/usr/local/include   -g -O2 -fpic  -g -O2  -c w32-backend.c -o w32-backend.o
gcc -std=gnu2x -I"/opt/R/4.5.2/lib/R/include" -DNDEBUG -I/usr/include/cairo -I/usr/include/libpng16 -I/usr/include/freetype2 -I/usr/include/pixman-1  -I/usr/include/harfbuzz -I/usr/include/freetype2 -I/usr/include/libpng16 -I/usr/include/glib-2.0 -I/usr/lib/x86_64-linux-gnu/glib-2.0/include   -I. -Iinclude  -I/usr/local/include   -g -O2 -fpic  -g -O2  -c xlib-backend.c -o xlib-backend.o
gcc -std=gnu2x -shared -L/opt/R/4.5.2/lib/R/lib -L/usr/local/lib -o Cairo.so cairobem.o cairogd.o cairotalk.o coreutil.o img-backend.o img-jpeg.o img-tiff.o pdf-backend.o ps-backend.o svg-backend.o w32-backend.o xlib-backend.o -L/usr/local/lib -lfreetype -lpng16 -lz -lXext -lcairo -lXrender -lX11 -ljpeg -lharfbuzz-icu -lharfbuzz -licuuc -licudata -lstdc++ -ltiff -L/opt/R/4.5.2/lib/R/lib -lR
installing to /home/runner/work/_temp/Library/00LOCK-Cairo/00new/Cairo/libs
** R
** byte-compile and prepare package for lazy loading
** help
*** installing help indices
** building package indices
** testing if installed package can be loaded from temporary location
** checking absolute paths in shared objects and dynamic libraries
** testing if installed package can be loaded from final location
** testing if installed package keeps a record of temporary installation path
* DONE (Cairo)
* installing *source* package ‘gridGraphics’ ...
** this is package ‘gridGraphics’ version ‘0.5-1’
** package ‘gridGraphics’ successfully unpacked and MD5 sums checked
** using staged installation
** R
** inst
** byte-compile and prepare package for lazy loading
** help
*** installing help indices
** building package indices
** testing if installed package can be loaded from temporary location
** testing if installed package can be loaded from final location
** testing if installed package keeps a record of temporary installation path
* DONE (gridGraphics)
* installing *source* package ‘maps’ ...
** this is package ‘maps’ version ‘3.4.3’
** package ‘maps’ successfully unpacked and MD5 sums checked
** using staged installation
checking for gawk... gawk
configure: creating ./config.status
config.status: creating src/Makefile
** libs
make -f "/opt/R/4.5.2/lib/R/etc/Makeconf" -f Makefile init.o mapclip.o mapget.o smooth.o thin.o 
make[1]: Entering directory '/tmp/Rtmp9Mkxex/R.INSTALL511b3cbd13ec/maps/src'
gcc -std=gnu2x -I"/opt/R/4.5.2/lib/R/include" -DNDEBUG   -I/usr/local/include    -fpic  -g -O2  -c init.c -o init.o
gcc -std=gnu2x -I"/opt/R/4.5.2/lib/R/include" -DNDEBUG   -I/usr/local/include    -fpic  -g -O2  -c mapclip.c -o mapclip.o
gcc -std=gnu2x -I"/opt/R/4.5.2/lib/R/include" -DNDEBUG   -I/usr/local/include    -fpic  -g -O2  -c mapget.c -o mapget.o
gcc -std=gnu2x -I"/opt/R/4.5.2/lib/R/include" -DNDEBUG   -I/usr/local/include    -fpic  -g -O2  -c smooth.c -o smooth.o
gcc -std=gnu2x -I"/opt/R/4.5.2/lib/R/include" -DNDEBUG   -I/usr/local/include    -fpic  -g -O2  -c thin.c -o thin.o
make[1]: Leaving directory '/tmp/Rtmp9Mkxex/R.INSTALL511b3cbd13ec/maps/src'
"/opt/R/4.5.2/lib/R/bin/R" CMD SHLIB -o maps.so init.o mapclip.o mapget.o smooth.o thin.o 
make[1]: Entering directory '/tmp/Rtmp9Mkxex/R.INSTALL511b3cbd13ec/maps/src'
gcc -std=gnu2x -shared -L/opt/R/4.5.2/lib/R/lib -L/usr/local/lib -o maps.so init.o mapclip.o mapget.o smooth.o thin.o -L/opt/R/4.5.2/lib/R/lib -lR
make[1]: Leaving directory '/tmp/Rtmp9Mkxex/R.INSTALL511b3cbd13ec/maps/src'
make -f "/opt/R/4.5.2/lib/R/etc/Makeconf" -f Makefile Gmake
make[1]: Entering directory '/tmp/Rtmp9Mkxex/R.INSTALL511b3cbd13ec/maps/src'
gcc -std=gnu2x -g -O2  -I/usr/local/include -L/usr/local/lib  Gmake.c   -o Gmake
make[1]: Leaving directory '/tmp/Rtmp9Mkxex/R.INSTALL511b3cbd13ec/maps/src'
make -f "/opt/R/4.5.2/lib/R/etc/Makeconf" -f Makefile Lmake
make[1]: Entering directory '/tmp/Rtmp9Mkxex/R.INSTALL511b3cbd13ec/maps/src'
gcc -std=gnu2x -g -O2  -I/usr/local/include -L/usr/local/lib  Lmake.c   -o Lmake
make[1]: Leaving directory '/tmp/Rtmp9Mkxex/R.INSTALL511b3cbd13ec/maps/src'
make -f "/opt/R/4.5.2/lib/R/etc/Makeconf" -f Makefile world2.line
make[1]: Entering directory '/tmp/Rtmp9Mkxex/R.INSTALL511b3cbd13ec/maps/src'
Converting world to world2
gawk -f ./convert.awk < world.line > world2.line
make[1]: Leaving directory '/tmp/Rtmp9Mkxex/R.INSTALL511b3cbd13ec/maps/src'
make -f "/opt/R/4.5.2/lib/R/etc/Makeconf" -f Makefile county.L state.L usa.L nz.L world.L world2.L italy.L france.L state.vbm.L state.carto.L lakes.L
make[1]: Entering directory '/tmp/Rtmp9Mkxex/R.INSTALL511b3cbd13ec/maps/src'
./Lmake 0 s b county.line county.linestats ../inst/mapdata/county.L
./Lmake 0 s b state.line state.linestats ../inst/mapdata/state.L
./Lmake 0 s b usa.line usa.linestats ../inst/mapdata/usa.L
./Lmake 0 s b nz.line nz.linestats ../inst/mapdata/nz.L
./Lmake 0 s b world.line world.linestats ../inst/mapdata/world.L
./Lmake 0 s b world2.line world2.linestats ../inst/mapdata/world2.L
./Lmake 0 s b italy.line italy.linestats ../inst/mapdata/italy.L
./Lmake 0 s b france.line france.linestats ../inst/mapdata/france.L
./Lmake 0 p b state.vbm.line state.vbm.linestats ../inst/mapdata/state.vbm.L
./Lmake 0 p b state.carto.line state.carto.linestats ../inst/mapdata/state.carto.L
./Lmake 0 s b lakes.line lakes.linestats ../inst/mapdata/lakes.L
make[1]: Leaving directory '/tmp/Rtmp9Mkxex/R.INSTALL511b3cbd13ec/maps/src'
make -f "/opt/R/4.5.2/lib/R/etc/Makeconf" -f Makefile county.G state.G usa.G nz.G world.G world2.G italy.G france.G state.vbm.G state.carto.G lakes.G
make[1]: Entering directory '/tmp/Rtmp9Mkxex/R.INSTALL511b3cbd13ec/maps/src'
./Gmake b county.gon county.gonstats ../inst/mapdata/county.G ../inst/mapdata/county.L
./Gmake b state.gon state.gonstats ../inst/mapdata/state.G ../inst/mapdata/state.L
./Gmake b usa.gon usa.gonstats ../inst/mapdata/usa.G ../inst/mapdata/usa.L
./Gmake b nz.gon nz.gonstats ../inst/mapdata/nz.G ../inst/mapdata/nz.L
./Gmake b world.gon world.gonstats ../inst/mapdata/world.G ../inst/mapdata/world.L
./Gmake b world2.gon world2.gonstats ../inst/mapdata/world2.G ../inst/mapdata/world2.L
./Gmake b italy.gon italy.gonstats ../inst/mapdata/italy.G ../inst/mapdata/italy.L
./Gmake b france.gon france.gonstats ../inst/mapdata/france.G ../inst/mapdata/france.L
./Gmake b state.vbm.gon state.vbm.gonstats ../inst/mapdata/state.vbm.G ../inst/mapdata/state.vbm.L
./Gmake b state.carto.gon state.carto.gonstats ../inst/mapdata/state.carto.G ../inst/mapdata/state.carto.L
./Gmake b lakes.gon lakes.gonstats ../inst/mapdata/lakes.G ../inst/mapdata/lakes.L
make[1]: Leaving directory '/tmp/Rtmp9Mkxex/R.INSTALL511b3cbd13ec/maps/src'
make -f "/opt/R/4.5.2/lib/R/etc/Makeconf" -f Makefile county.N state.N usa.N nz.N world.N world2.N italy.N france.N state.vbm.N state.carto.N lakes.N
make[1]: Entering directory '/tmp/Rtmp9Mkxex/R.INSTALL511b3cbd13ec/maps/src'
make[1]: Leaving directory '/tmp/Rtmp9Mkxex/R.INSTALL511b3cbd13ec/maps/src'
installing to /home/runner/work/_temp/Library/00LOCK-maps/00new/maps/libs
** R
** data
*** moving datasets to lazyload DB
** inst
** byte-compile and prepare package for lazy loading
** help
*** installing help indices
** building package indices
** testing if installed package can be loaded from temporary location
** checking absolute paths in shared objects and dynamic libraries
** testing if installed package can be loaded from final location
** testing if installed package keeps a record of temporary installation path
* DONE (maps)
* installing *source* package ‘askpass’ ...
** this is package ‘askpass’ version ‘1.2.1’
** package ‘askpass’ successfully unpacked and MD5 sums checked
** using staged installation
** libs
using C compiler: ‘gcc (Ubuntu 13.3.0-6ubuntu2~24.04) 13.3.0’
gcc -std=gnu2x -I"/opt/R/4.5.2/lib/R/include" -DNDEBUG   -I/usr/local/include    -fpic  -g -O2  -c askpass.c -o askpass.o
gcc -std=gnu2x -shared -L/opt/R/4.5.2/lib/R/lib -L/usr/local/lib -o askpass.so askpass.o -L/opt/R/4.5.2/lib/R/lib -lR
installing to /home/runner/work/_temp/Library/00LOCK-askpass/00new/askpass/libs
** R
** inst
** byte-compile and prepare package for lazy loading
** help
*** installing help indices
** building package indices
** testing if installed package can be loaded from temporary location
** checking absolute paths in shared objects and dynamic libraries
** testing if installed package can be loaded from final location
** testing if installed package keeps a record of temporary installation path
* DONE (askpass)
* installing *source* package ‘lambda.r’ ...
** this is package ‘lambda.r’ version ‘1.2.4’
** package ‘lambda.r’ successfully unpacked and MD5 sums checked
** using staged installation
** R
** byte-compile and prepare package for lazy loading
** help
*** installing help indices
** building package indices
** testing if installed package can be loaded from temporary location
** testing if installed package can be loaded from final location
** testing if installed package keeps a record of temporary installation path
* DONE (lambda.r)
* installing *source* package ‘isoband’ ...
** this is package ‘isoband’ version ‘0.3.0’
** package ‘isoband’ successfully unpacked and MD5 sums checked
** using staged installation
** libs
using C++ compiler: ‘g++ (Ubuntu 13.3.0-6ubuntu2~24.04) 13.3.0’
g++ -std=gnu++17 -I"/opt/R/4.5.2/lib/R/include" -DNDEBUG  -I'/home/runner/work/_temp/Library/cpp11/include' -I/usr/local/include    -fpic  -g -O2   -c clip-lines.cpp -o clip-lines.o
g++ -std=gnu++17 -I"/opt/R/4.5.2/lib/R/include" -DNDEBUG  -I'/home/runner/work/_temp/Library/cpp11/include' -I/usr/local/include    -fpic  -g -O2   -c cpp11.cpp -o cpp11.o
g++ -std=gnu++17 -I"/opt/R/4.5.2/lib/R/include" -DNDEBUG  -I'/home/runner/work/_temp/Library/cpp11/include' -I/usr/local/include    -fpic  -g -O2   -c isoband.cpp -o isoband.o
g++ -std=gnu++17 -I"/opt/R/4.5.2/lib/R/include" -DNDEBUG  -I'/home/runner/work/_temp/Library/cpp11/include' -I/usr/local/include    -fpic  -g -O2   -c polygon.cpp -o polygon.o
g++ -std=gnu++17 -I"/opt/R/4.5.2/lib/R/include" -DNDEBUG  -I'/home/runner/work/_temp/Library/cpp11/include' -I/usr/local/include    -fpic  -g -O2   -c separate-polygons.cpp -o separate-polygons.o
g++ -std=gnu++17 -I"/opt/R/4.5.2/lib/R/include" -DNDEBUG  -I'/home/runner/work/_temp/Library/cpp11/include' -I/usr/local/include    -fpic  -g -O2   -c test-clip-lines.cpp -o test-clip-lines.o
g++ -std=gnu++17 -I"/opt/R/4.5.2/lib/R/include" -DNDEBUG  -I'/home/runner/work/_temp/Library/cpp11/include' -I/usr/local/include    -fpic  -g -O2   -c test-runner.cpp -o test-runner.o
g++ -std=gnu++17 -I"/opt/R/4.5.2/lib/R/include" -DNDEBUG  -I'/home/runner/work/_temp/Library/cpp11/include' -I/usr/local/include    -fpic  -g -O2   -c test-separate-polygons.cpp -o test-separate-polygons.o
g++ -std=gnu++17 -shared -L/opt/R/4.5.2/lib/R/lib -L/usr/local/lib -o isoband.so clip-lines.o cpp11.o isoband.o polygon.o separate-polygons.o test-clip-lines.o test-runner.o test-separate-polygons.o -L/opt/R/4.5.2/lib/R/lib -lR
installing to /home/runner/work/_temp/Library/00LOCK-isoband/00new/isoband/libs
** R
** inst
** byte-compile and prepare package for lazy loading
** help
*** installing help indices
*** copying figures
** building package indices
** installing vignettes
** testing if installed package can be loaded from temporary location
** checking absolute paths in shared objects and dynamic libraries
** testing if installed package can be loaded from final location
** testing if installed package keeps a record of temporary installation path
* DONE (isoband)
* installing *source* package ‘rex’ ...
** this is package ‘rex’ version ‘1.2.1’
** package ‘rex’ successfully unpacked and MD5 sums checked
** using staged installation
** R
** inst
** byte-compile and prepare package for lazy loading
** help
*** installing help indices
** building package indices
** installing vignettes
** testing if installed package can be loaded from temporary location
** testing if installed package can be loaded from final location
** testing if installed package keeps a record of temporary installation path
* DONE (rex)
* installing *source* package ‘pillar’ ...
** this is package ‘pillar’ version ‘1.11.1’
** package ‘pillar’ successfully unpacked and MD5 sums checked
** using staged installation
** R
** inst
** byte-compile and prepare package for lazy loading
** help
*** installing help indices
*** copying figures
** building package indices
** installing vignettes
** testing if installed package can be loaded from temporary location
** testing if installed package can be loaded from final location
** testing if installed package keeps a record of temporary installation path
* DONE (pillar)
* installing *source* package ‘tidyselect’ ...
** this is package ‘tidyselect’ version ‘1.2.1’
** package ‘tidyselect’ successfully unpacked and MD5 sums checked
** using staged installation
** R
** inst
** byte-compile and prepare package for lazy loading
** help
*** installing help indices
** building package indices
** installing vignettes
** testing if installed package can be loaded from temporary location
** testing if installed package can be loaded from final location
** testing if installed package keeps a record of temporary installation path
* DONE (tidyselect)
* installing *source* package ‘e1071’ ...
** this is package ‘e1071’ version ‘1.7-16’
** package ‘e1071’ successfully unpacked and MD5 sums checked
** using staged installation
** libs
using C compiler: ‘gcc (Ubuntu 13.3.0-6ubuntu2~24.04) 13.3.0’
using C++ compiler: ‘g++ (Ubuntu 13.3.0-6ubuntu2~24.04) 13.3.0’
gcc -std=gnu2x -I"/opt/R/4.5.2/lib/R/include" -DNDEBUG   -I/usr/local/include    -fpic  -g -O2  -c Rsvm.c -o Rsvm.o
gcc -std=gnu2x -I"/opt/R/4.5.2/lib/R/include" -DNDEBUG   -I/usr/local/include    -fpic  -g -O2  -c cmeans.c -o cmeans.o
gcc -std=gnu2x -I"/opt/R/4.5.2/lib/R/include" -DNDEBUG   -I/usr/local/include    -fpic  -g -O2  -c cshell.c -o cshell.o
gcc -std=gnu2x -I"/opt/R/4.5.2/lib/R/include" -DNDEBUG   -I/usr/local/include    -fpic  -g -O2  -c floyd.c -o floyd.o
gcc -std=gnu2x -I"/opt/R/4.5.2/lib/R/include" -DNDEBUG   -I/usr/local/include    -fpic  -g -O2  -c init.c -o init.o
g++ -std=gnu++17 -I"/opt/R/4.5.2/lib/R/include" -DNDEBUG   -I/usr/local/include    -fpic  -g -O2   -c svm.cpp -o svm.o
g++ -std=gnu++17 -shared -L/opt/R/4.5.2/lib/R/lib -L/usr/local/lib -o e1071.so Rsvm.o cmeans.o cshell.o floyd.o init.o svm.o -L/opt/R/4.5.2/lib/R/lib -lR
installing to /home/runner/work/_temp/Library/00LOCK-e1071/00new/e1071/libs
** R
** inst
** byte-compile and prepare package for lazy loading
** help
*** installing help indices
** building package indices
** installing vignettes
** testing if installed package can be loaded from temporary location
** checking absolute paths in shared objects and dynamic libraries
** testing if installed package can be loaded from final location
** testing if installed package keeps a record of temporary installation path
* DONE (e1071)
* installing *source* package ‘systemfonts’ ...
** this is package ‘systemfonts’ version ‘1.3.1’
** package ‘systemfonts’ successfully unpacked and MD5 sums checked
** using staged installation
Found pkg-config cflags and libs!
Using PKG_CFLAGS=-I/usr/include/freetype2 -I/usr/include/libpng16 
Using PKG_LIBS=-lfontconfig -lfreetype 
** libs
using C++ compiler: ‘g++ (Ubuntu 13.3.0-6ubuntu2~24.04) 13.3.0’
rm -f systemfonts.so caches.o cpp11.o dev_metrics.o font_matching.o font_local.o font_variation.o font_registry.o ft_cache.o string_shape.o font_metrics.o font_outlines.o font_fallback.o string_metrics.o emoji.o cache_store.o init.o unix/FontManagerLinux.o
g++ -std=gnu++17 -I"/opt/R/4.5.2/lib/R/include" -DNDEBUG -I/usr/include/freetype2 -I/usr/include/libpng16  -I'/home/runner/work/_temp/Library/cpp11/include' -I/usr/local/include    -fpic  -g -O2   -c caches.cpp -o caches.o
g++ -std=gnu++17 -I"/opt/R/4.5.2/lib/R/include" -DNDEBUG -I/usr/include/freetype2 -I/usr/include/libpng16  -I'/home/runner/work/_temp/Library/cpp11/include' -I/usr/local/include    -fpic  -g -O2   -c cpp11.cpp -o cpp11.o
g++ -std=gnu++17 -I"/opt/R/4.5.2/lib/R/include" -DNDEBUG -I/usr/include/freetype2 -I/usr/include/libpng16  -I'/home/runner/work/_temp/Library/cpp11/include' -I/usr/local/include    -fpic  -g -O2   -c dev_metrics.cpp -o dev_metrics.o
g++ -std=gnu++17 -I"/opt/R/4.5.2/lib/R/include" -DNDEBUG -I/usr/include/freetype2 -I/usr/include/libpng16  -I'/home/runner/work/_temp/Library/cpp11/include' -I/usr/local/include    -fpic  -g -O2   -c font_matching.cpp -o font_matching.o
g++ -std=gnu++17 -I"/opt/R/4.5.2/lib/R/include" -DNDEBUG -I/usr/include/freetype2 -I/usr/include/libpng16  -I'/home/runner/work/_temp/Library/cpp11/include' -I/usr/local/include    -fpic  -g -O2   -c font_local.cpp -o font_local.o
g++ -std=gnu++17 -I"/opt/R/4.5.2/lib/R/include" -DNDEBUG -I/usr/include/freetype2 -I/usr/include/libpng16  -I'/home/runner/work/_temp/Library/cpp11/include' -I/usr/local/include    -fpic  -g -O2   -c font_variation.cpp -o font_variation.o
g++ -std=gnu++17 -I"/opt/R/4.5.2/lib/R/include" -DNDEBUG -I/usr/include/freetype2 -I/usr/include/libpng16  -I'/home/runner/work/_temp/Library/cpp11/include' -I/usr/local/include    -fpic  -g -O2   -c font_registry.cpp -o font_registry.o
g++ -std=gnu++17 -I"/opt/R/4.5.2/lib/R/include" -DNDEBUG -I/usr/include/freetype2 -I/usr/include/libpng16  -I'/home/runner/work/_temp/Library/cpp11/include' -I/usr/local/include    -fpic  -g -O2   -c ft_cache.cpp -o ft_cache.o
g++ -std=gnu++17 -I"/opt/R/4.5.2/lib/R/include" -DNDEBUG -I/usr/include/freetype2 -I/usr/include/libpng16  -I'/home/runner/work/_temp/Library/cpp11/include' -I/usr/local/include    -fpic  -g -O2   -c string_shape.cpp -o string_shape.o
g++ -std=gnu++17 -I"/opt/R/4.5.2/lib/R/include" -DNDEBUG -I/usr/include/freetype2 -I/usr/include/libpng16  -I'/home/runner/work/_temp/Library/cpp11/include' -I/usr/local/include    -fpic  -g -O2   -c font_metrics.cpp -o font_metrics.o
g++ -std=gnu++17 -I"/opt/R/4.5.2/lib/R/include" -DNDEBUG -I/usr/include/freetype2 -I/usr/include/libpng16  -I'/home/runner/work/_temp/Library/cpp11/include' -I/usr/local/include    -fpic  -g -O2   -c font_outlines.cpp -o font_outlines.o
g++ -std=gnu++17 -I"/opt/R/4.5.2/lib/R/include" -DNDEBUG -I/usr/include/freetype2 -I/usr/include/libpng16  -I'/home/runner/work/_temp/Library/cpp11/include' -I/usr/local/include    -fpic  -g -O2   -c font_fallback.cpp -o font_fallback.o
g++ -std=gnu++17 -I"/opt/R/4.5.2/lib/R/include" -DNDEBUG -I/usr/include/freetype2 -I/usr/include/libpng16  -I'/home/runner/work/_temp/Library/cpp11/include' -I/usr/local/include    -fpic  -g -O2   -c string_metrics.cpp -o string_metrics.o
g++ -std=gnu++17 -I"/opt/R/4.5.2/lib/R/include" -DNDEBUG -I/usr/include/freetype2 -I/usr/include/libpng16  -I'/home/runner/work/_temp/Library/cpp11/include' -I/usr/local/include    -fpic  -g -O2   -c emoji.cpp -o emoji.o
g++ -std=gnu++17 -I"/opt/R/4.5.2/lib/R/include" -DNDEBUG -I/usr/include/freetype2 -I/usr/include/libpng16  -I'/home/runner/work/_temp/Library/cpp11/include' -I/usr/local/include    -fpic  -g -O2   -c cache_store.cpp -o cache_store.o
g++ -std=gnu++17 -I"/opt/R/4.5.2/lib/R/include" -DNDEBUG -I/usr/include/freetype2 -I/usr/include/libpng16  -I'/home/runner/work/_temp/Library/cpp11/include' -I/usr/local/include    -fpic  -g -O2   -c init.cpp -o init.o
g++ -std=gnu++17 -I"/opt/R/4.5.2/lib/R/include" -DNDEBUG -I/usr/include/freetype2 -I/usr/include/libpng16  -I'/home/runner/work/_temp/Library/cpp11/include' -I/usr/local/include    -fpic  -g -O2   -c unix/FontManagerLinux.cpp -o unix/FontManagerLinux.o
g++ -std=gnu++17 -shared -L/opt/R/4.5.2/lib/R/lib -L/usr/local/lib -o systemfonts.so caches.o cpp11.o dev_metrics.o font_matching.o font_local.o font_variation.o font_registry.o ft_cache.o string_shape.o font_metrics.o font_outlines.o font_fallback.o string_metrics.o emoji.o cache_store.o init.o unix/FontManagerLinux.o -lfontconfig -lfreetype -L/opt/R/4.5.2/lib/R/lib -lR
installing to /home/runner/work/_temp/Library/00LOCK-systemfonts/00new/systemfonts/libs
** R
** inst
** byte-compile and prepare package for lazy loading
** help
*** installing help indices
*** copying figures
** building package indices
** installing vignettes
** testing if installed package can be loaded from temporary location
** checking absolute paths in shared objects and dynamic libraries
** testing if installed package can be loaded from final location
** testing if installed package keeps a record of temporary installation path
* DONE (systemfonts)
* installing *source* package ‘processx’ ...
** this is package ‘processx’ version ‘3.8.6’
** package ‘processx’ successfully unpacked and MD5 sums checked
** using staged installation
** libs
using C compiler: ‘gcc (Ubuntu 13.3.0-6ubuntu2~24.04) 13.3.0’
gcc -std=gnu2x -g -O2  -L/usr/local/lib -Wall tools/px.c -o tools/px
In file included from /usr/include/features.h:502,
                 from /usr/include/unistd.h:25,
                 from tools/px.c:11:
In function ‘read’,
    inlined from ‘echo_from_fd’ at tools/px.c:93:9:
/usr/include/x86_64-linux-gnu/bits/unistd.h:28:10: warning: ‘__read_alias’ specified size 18446744073709551614 exceeds maximum object size 9223372036854775807 [-Wstringop-overflow=]
   28 |   return __glibc_fortify (read, __nbytes, sizeof (char),
      |          ^~~~~~~~~~~~~~~
/usr/include/x86_64-linux-gnu/bits/unistd-decl.h: In function ‘echo_from_fd’:
/usr/include/x86_64-linux-gnu/bits/unistd-decl.h:29:16: note: in a call to function ‘__read_alias’ declared with attribute ‘access (write_only, 2, 3)’
   29 | extern ssize_t __REDIRECT_FORTIFY (__read_alias, (int __fd, void *__buf,
      |                ^~~~~~~~~~~~~~~~~~
gcc -std=gnu2x -g -O2  -L/usr/local/lib -I../inst/include -Wall tools/sock.c -o tools/sock
gcc -std=gnu2x -g -O2  -L/usr/local/lib supervisor/supervisor.c \
      supervisor/utils.c -o supervisor/supervisor
gcc -std=gnu2x -I"/opt/R/4.5.2/lib/R/include" -DNDEBUG   -I/usr/local/include    -fpic  -g -O2  -c base64.c -o base64.o
gcc -std=gnu2x -I"/opt/R/4.5.2/lib/R/include" -DNDEBUG   -I/usr/local/include    -fpic  -g -O2  -c client.c -o client.o
gcc -std=gnu2x -I"/opt/R/4.5.2/lib/R/include" -DNDEBUG   -I/usr/local/include    -fpic  -g -O2  -c errors.c -o errors.o
gcc -std=gnu2x -shared -L"/opt/R/4.5.2/lib/R/lib" -L/usr/local/lib -o client.so base64.o client.o errors.o  \
	 -L"/opt/R/4.5.2/lib/R/lib" -lR
gcc -std=gnu2x -I"/opt/R/4.5.2/lib/R/include" -DNDEBUG   -I/usr/local/include    -fpic  -g -O2  -c init.c -o init.o
gcc -std=gnu2x -I"/opt/R/4.5.2/lib/R/include" -DNDEBUG   -I/usr/local/include    -fpic  -g -O2  -c poll.c -o poll.o
gcc -std=gnu2x -I"/opt/R/4.5.2/lib/R/include" -DNDEBUG   -I/usr/local/include    -fpic  -g -O2  -c processx-connection.c -o processx-connection.o
gcc -std=gnu2x -I"/opt/R/4.5.2/lib/R/include" -DNDEBUG   -I/usr/local/include    -fpic  -g -O2  -c processx-vector.c -o processx-vector.o
gcc -std=gnu2x -I"/opt/R/4.5.2/lib/R/include" -DNDEBUG   -I/usr/local/include    -fpic  -g -O2  -c create-time.c -o create-time.o
gcc -std=gnu2x -I"/opt/R/4.5.2/lib/R/include" -DNDEBUG   -I/usr/local/include    -fpic  -g -O2  -c unix/childlist.c -o unix/childlist.o
gcc -std=gnu2x -I"/opt/R/4.5.2/lib/R/include" -DNDEBUG   -I/usr/local/include    -fpic  -g -O2  -c unix/connection.c -o unix/connection.o
gcc -std=gnu2x -I"/opt/R/4.5.2/lib/R/include" -DNDEBUG   -I/usr/local/include    -fpic  -g -O2  -c unix/processx.c -o unix/processx.o
gcc -std=gnu2x -I"/opt/R/4.5.2/lib/R/include" -DNDEBUG   -I/usr/local/include    -fpic  -g -O2  -c unix/sigchld.c -o unix/sigchld.o
gcc -std=gnu2x -I"/opt/R/4.5.2/lib/R/include" -DNDEBUG   -I/usr/local/include    -fpic  -g -O2  -c unix/utils.c -o unix/utils.o
gcc -std=gnu2x -I"/opt/R/4.5.2/lib/R/include" -DNDEBUG   -I/usr/local/include    -fpic  -g -O2  -c unix/named_pipe.c -o unix/named_pipe.o
gcc -std=gnu2x -I"/opt/R/4.5.2/lib/R/include" -DNDEBUG   -I/usr/local/include    -fpic  -g -O2  -c cleancall.c -o cleancall.o
gcc -std=gnu2x -shared -L/opt/R/4.5.2/lib/R/lib -L/usr/local/lib -o processx.so init.o poll.o errors.o processx-connection.o processx-vector.o create-time.o base64.o unix/childlist.o unix/connection.o unix/processx.o unix/sigchld.o unix/utils.o unix/named_pipe.o cleancall.o -L/opt/R/4.5.2/lib/R/lib -lR
installing via 'install.libs.R' to /home/runner/work/_temp/Library/00LOCK-processx/00new/processx
** R
** inst
** byte-compile and prepare package for lazy loading
R6Class process: finalize() method is public, but it should be private as of R6 2.4.0. This code will continue to work, but in a future version of R6, finalize() will be required to be private.
** help
*** installing help indices
*** copying figures
** building package indices
** testing if installed package can be loaded from temporary location
** checking absolute paths in shared objects and dynamic libraries
** testing if installed package can be loaded from final location
** testing if installed package keeps a record of temporary installation path
* DONE (processx)
* installing *source* package ‘purrr’ ...
** this is package ‘purrr’ version ‘1.2.0’
** package ‘purrr’ successfully unpacked and MD5 sums checked
** using staged installation
** libs
using C compiler: ‘gcc (Ubuntu 13.3.0-6ubuntu2~24.04) 13.3.0’
gcc -std=gnu2x -I"/opt/R/4.5.2/lib/R/include" -DNDEBUG  -I'/home/runner/work/_temp/Library/cli/include' -I/usr/local/include   -fvisibility=hidden -fpic  -g -O2  -c backports.c -o backports.o
gcc -std=gnu2x -I"/opt/R/4.5.2/lib/R/include" -DNDEBUG  -I'/home/runner/work/_temp/Library/cli/include' -I/usr/local/include   -fvisibility=hidden -fpic  -g -O2  -c cleancall.c -o cleancall.o
gcc -std=gnu2x -I"/opt/R/4.5.2/lib/R/include" -DNDEBUG  -I'/home/runner/work/_temp/Library/cli/include' -I/usr/local/include   -fvisibility=hidden -fpic  -g -O2  -c coerce.c -o coerce.o
gcc -std=gnu2x -I"/opt/R/4.5.2/lib/R/include" -DNDEBUG  -I'/home/runner/work/_temp/Library/cli/include' -I/usr/local/include   -fvisibility=hidden -fpic  -g -O2  -c conditions.c -o conditions.o
gcc -std=gnu2x -I"/opt/R/4.5.2/lib/R/include" -DNDEBUG  -I'/home/runner/work/_temp/Library/cli/include' -I/usr/local/include   -fvisibility=hidden -fpic  -g -O2  -c every-some-none.c -o every-some-none.o
gcc -std=gnu2x -I"/opt/R/4.5.2/lib/R/include" -DNDEBUG  -I'/home/runner/work/_temp/Library/cli/include' -I/usr/local/include   -fvisibility=hidden -fpic  -g -O2  -c flatten.c -o flatten.o
gcc -std=gnu2x -I"/opt/R/4.5.2/lib/R/include" -DNDEBUG  -I'/home/runner/work/_temp/Library/cli/include' -I/usr/local/include   -fvisibility=hidden -fpic  -g -O2  -c init.c -o init.o
gcc -std=gnu2x -I"/opt/R/4.5.2/lib/R/include" -DNDEBUG  -I'/home/runner/work/_temp/Library/cli/include' -I/usr/local/include   -fvisibility=hidden -fpic  -g -O2  -c map.c -o map.o
gcc -std=gnu2x -I"/opt/R/4.5.2/lib/R/include" -DNDEBUG  -I'/home/runner/work/_temp/Library/cli/include' -I/usr/local/include   -fvisibility=hidden -fpic  -g -O2  -c pluck.c -o pluck.o
gcc -std=gnu2x -I"/opt/R/4.5.2/lib/R/include" -DNDEBUG  -I'/home/runner/work/_temp/Library/cli/include' -I/usr/local/include   -fvisibility=hidden -fpic  -g -O2  -c transpose.c -o transpose.o
gcc -std=gnu2x -I"/opt/R/4.5.2/lib/R/include" -DNDEBUG  -I'/home/runner/work/_temp/Library/cli/include' -I/usr/local/include   -fvisibility=hidden -fpic  -g -O2  -c utils.c -o utils.o
gcc -std=gnu2x -shared -L/opt/R/4.5.2/lib/R/lib -L/usr/local/lib -o purrr.so backports.o cleancall.o coerce.o conditions.o every-some-none.o flatten.o init.o map.o pluck.o transpose.o utils.o -L/opt/R/4.5.2/lib/R/lib -lR
installing to /home/runner/work/_temp/Library/00LOCK-purrr/00new/purrr/libs
** R
** inst
** byte-compile and prepare package for lazy loading
** help
*** installing help indices
*** copying figures
** building package indices
** installing vignettes
** testing if installed package can be loaded from temporary location
** checking absolute paths in shared objects and dynamic libraries
** testing if installed package can be loaded from final location
** testing if installed package keeps a record of temporary installation path
* DONE (purrr)
* installing *source* package ‘stringr’ ...
** this is package ‘stringr’ version ‘1.6.0’
** package ‘stringr’ successfully unpacked and MD5 sums checked
** using staged installation
** R
** data
*** moving datasets to lazyload DB
** inst
** byte-compile and prepare package for lazy loading
** help
*** installing help indices
*** copying figures
** building package indices
** installing vignettes
** testing if installed package can be loaded from temporary location
** testing if installed package can be loaded from final location
** testing if installed package keeps a record of temporary installation path
* DONE (stringr)
* installing *source* package ‘diffobj’ ...
** this is package ‘diffobj’ version ‘0.3.6’
** package ‘diffobj’ successfully unpacked and MD5 sums checked
** using staged installation
** libs
using C compiler: ‘gcc (Ubuntu 13.3.0-6ubuntu2~24.04) 13.3.0’
gcc -std=gnu2x -I"/opt/R/4.5.2/lib/R/include" -DNDEBUG   -I/usr/local/include    -fpic  -g -O2  -c diff.c -o diff.o
gcc -std=gnu2x -I"/opt/R/4.5.2/lib/R/include" -DNDEBUG   -I/usr/local/include    -fpic  -g -O2  -c diffobj.c -o diffobj.o
gcc -std=gnu2x -I"/opt/R/4.5.2/lib/R/include" -DNDEBUG   -I/usr/local/include    -fpic  -g -O2  -c init.c -o init.o
gcc -std=gnu2x -shared -L/opt/R/4.5.2/lib/R/lib -L/usr/local/lib -o diffobj.so diff.o diffobj.o init.o -L/opt/R/4.5.2/lib/R/lib -lR
installing to /home/runner/work/_temp/Library/00LOCK-diffobj/00new/diffobj/libs
** R
** inst
** byte-compile and prepare package for lazy loading
** help
*** installing help indices
** building package indices
** installing vignettes
** testing if installed package can be loaded from temporary location
** checking absolute paths in shared objects and dynamic libraries
** testing if installed package can be loaded from final location
** testing if installed package keeps a record of temporary installation path
* DONE (diffobj)
* installing *source* package ‘scales’ ...
** this is package ‘scales’ version ‘1.4.0’
** package ‘scales’ successfully unpacked and MD5 sums checked
** using staged installation
** R
** byte-compile and prepare package for lazy loading
** help
*** installing help indices
*** copying figures
** building package indices
** testing if installed package can be loaded from temporary location
** testing if installed package can be loaded from final location
** testing if installed package keeps a record of temporary installation path
* DONE (scales)
* installing *source* package ‘magick’ ...
** this is package ‘magick’ version ‘2.9.0’
** package ‘magick’ successfully unpacked and MD5 sums checked
** using staged installation
Found pkg-config cflags and libs!
Using PKG_CFLAGS=-I/usr/include/x86_64-linux-gnu/ImageMagick-6 -I/usr/include/ImageMagick-6 -fopenmp -DMAGICKCORE_HDRI_ENABLE=0 -DMAGICKCORE_QUANTUM_DEPTH=16 
Using PKG_LIBS=-lMagick++-6.Q16 -lMagickWand-6.Q16 -lMagickCore-6.Q16 
** libs
using C++ compiler: ‘g++ (Ubuntu 13.3.0-6ubuntu2~24.04) 13.3.0’
g++ -std=gnu++17 -I"/opt/R/4.5.2/lib/R/include" -DNDEBUG -I/usr/include/x86_64-linux-gnu/ImageMagick-6 -I/usr/include/ImageMagick-6 -fopenmp -DMAGICKCORE_HDRI_ENABLE=0 -DMAGICKCORE_QUANTUM_DEPTH=16  -I'/home/runner/work/_temp/Library/Rcpp/include' -I/usr/local/include   -fvisibility=hidden -fpic  -g -O2   -c RcppExports.cpp -o RcppExports.o
g++ -std=gnu++17 -I"/opt/R/4.5.2/lib/R/include" -DNDEBUG -I/usr/include/x86_64-linux-gnu/ImageMagick-6 -I/usr/include/ImageMagick-6 -fopenmp -DMAGICKCORE_HDRI_ENABLE=0 -DMAGICKCORE_QUANTUM_DEPTH=16  -I'/home/runner/work/_temp/Library/Rcpp/include' -I/usr/local/include   -fvisibility=hidden -fpic  -g -O2   -c animation.cpp -o animation.o
g++ -std=gnu++17 -I"/opt/R/4.5.2/lib/R/include" -DNDEBUG -I/usr/include/x86_64-linux-gnu/ImageMagick-6 -I/usr/include/ImageMagick-6 -fopenmp -DMAGICKCORE_HDRI_ENABLE=0 -DMAGICKCORE_QUANTUM_DEPTH=16  -I'/home/runner/work/_temp/Library/Rcpp/include' -I/usr/local/include   -fvisibility=hidden -fpic  -g -O2   -c attributes.cpp -o attributes.o
g++ -std=gnu++17 -I"/opt/R/4.5.2/lib/R/include" -DNDEBUG -I/usr/include/x86_64-linux-gnu/ImageMagick-6 -I/usr/include/ImageMagick-6 -fopenmp -DMAGICKCORE_HDRI_ENABLE=0 -DMAGICKCORE_QUANTUM_DEPTH=16  -I'/home/runner/work/_temp/Library/Rcpp/include' -I/usr/local/include   -fvisibility=hidden -fpic  -g -O2   -c base.cpp -o base.o
g++ -std=gnu++17 -I"/opt/R/4.5.2/lib/R/include" -DNDEBUG -I/usr/include/x86_64-linux-gnu/ImageMagick-6 -I/usr/include/ImageMagick-6 -fopenmp -DMAGICKCORE_HDRI_ENABLE=0 -DMAGICKCORE_QUANTUM_DEPTH=16  -I'/home/runner/work/_temp/Library/Rcpp/include' -I/usr/local/include   -fvisibility=hidden -fpic  -g -O2   -c color.cpp -o color.o
g++ -std=gnu++17 -I"/opt/R/4.5.2/lib/R/include" -DNDEBUG -I/usr/include/x86_64-linux-gnu/ImageMagick-6 -I/usr/include/ImageMagick-6 -fopenmp -DMAGICKCORE_HDRI_ENABLE=0 -DMAGICKCORE_QUANTUM_DEPTH=16  -I'/home/runner/work/_temp/Library/Rcpp/include' -I/usr/local/include   -fvisibility=hidden -fpic  -g -O2   -c composite.cpp -o composite.o
g++ -std=gnu++17 -I"/opt/R/4.5.2/lib/R/include" -DNDEBUG -I/usr/include/x86_64-linux-gnu/ImageMagick-6 -I/usr/include/ImageMagick-6 -fopenmp -DMAGICKCORE_HDRI_ENABLE=0 -DMAGICKCORE_QUANTUM_DEPTH=16  -I'/home/runner/work/_temp/Library/Rcpp/include' -I/usr/local/include   -fvisibility=hidden -fpic  -g -O2   -c config.cc -o config.o
g++ -std=gnu++17 -I"/opt/R/4.5.2/lib/R/include" -DNDEBUG -I/usr/include/x86_64-linux-gnu/ImageMagick-6 -I/usr/include/ImageMagick-6 -fopenmp -DMAGICKCORE_HDRI_ENABLE=0 -DMAGICKCORE_QUANTUM_DEPTH=16  -I'/home/runner/work/_temp/Library/Rcpp/include' -I/usr/local/include   -fvisibility=hidden -fpic  -g -O2   -c convolve.cpp -o convolve.o
g++ -std=gnu++17 -I"/opt/R/4.5.2/lib/R/include" -DNDEBUG -I/usr/include/x86_64-linux-gnu/ImageMagick-6 -I/usr/include/ImageMagick-6 -fopenmp -DMAGICKCORE_HDRI_ENABLE=0 -DMAGICKCORE_QUANTUM_DEPTH=16  -I'/home/runner/work/_temp/Library/Rcpp/include' -I/usr/local/include   -fvisibility=hidden -fpic  -g -O2   -c device.cpp -o device.o
g++ -std=gnu++17 -I"/opt/R/4.5.2/lib/R/include" -DNDEBUG -I/usr/include/x86_64-linux-gnu/ImageMagick-6 -I/usr/include/ImageMagick-6 -fopenmp -DMAGICKCORE_HDRI_ENABLE=0 -DMAGICKCORE_QUANTUM_DEPTH=16  -I'/home/runner/work/_temp/Library/Rcpp/include' -I/usr/local/include   -fvisibility=hidden -fpic  -g -O2   -c edges.cpp -o edges.o
g++ -std=gnu++17 -I"/opt/R/4.5.2/lib/R/include" -DNDEBUG -I/usr/include/x86_64-linux-gnu/ImageMagick-6 -I/usr/include/ImageMagick-6 -fopenmp -DMAGICKCORE_HDRI_ENABLE=0 -DMAGICKCORE_QUANTUM_DEPTH=16  -I'/home/runner/work/_temp/Library/Rcpp/include' -I/usr/local/include   -fvisibility=hidden -fpic  -g -O2   -c edit.cpp -o edit.o
g++ -std=gnu++17 -I"/opt/R/4.5.2/lib/R/include" -DNDEBUG -I/usr/include/x86_64-linux-gnu/ImageMagick-6 -I/usr/include/ImageMagick-6 -fopenmp -DMAGICKCORE_HDRI_ENABLE=0 -DMAGICKCORE_QUANTUM_DEPTH=16  -I'/home/runner/work/_temp/Library/Rcpp/include' -I/usr/local/include   -fvisibility=hidden -fpic  -g -O2   -c fonts.cpp -o fonts.o
g++ -std=gnu++17 -I"/opt/R/4.5.2/lib/R/include" -DNDEBUG -I/usr/include/x86_64-linux-gnu/ImageMagick-6 -I/usr/include/ImageMagick-6 -fopenmp -DMAGICKCORE_HDRI_ENABLE=0 -DMAGICKCORE_QUANTUM_DEPTH=16  -I'/home/runner/work/_temp/Library/Rcpp/include' -I/usr/local/include   -fvisibility=hidden -fpic  -g -O2   -c options.cpp -o options.o
g++ -std=gnu++17 -I"/opt/R/4.5.2/lib/R/include" -DNDEBUG -I/usr/include/x86_64-linux-gnu/ImageMagick-6 -I/usr/include/ImageMagick-6 -fopenmp -DMAGICKCORE_HDRI_ENABLE=0 -DMAGICKCORE_QUANTUM_DEPTH=16  -I'/home/runner/work/_temp/Library/Rcpp/include' -I/usr/local/include   -fvisibility=hidden -fpic  -g -O2   -c properties.cpp -o properties.o
g++ -std=gnu++17 -I"/opt/R/4.5.2/lib/R/include" -DNDEBUG -I/usr/include/x86_64-linux-gnu/ImageMagick-6 -I/usr/include/ImageMagick-6 -fopenmp -DMAGICKCORE_HDRI_ENABLE=0 -DMAGICKCORE_QUANTUM_DEPTH=16  -I'/home/runner/work/_temp/Library/Rcpp/include' -I/usr/local/include   -fvisibility=hidden -fpic  -g -O2   -c resize.cpp -o resize.o
g++ -std=gnu++17 -I"/opt/R/4.5.2/lib/R/include" -DNDEBUG -I/usr/include/x86_64-linux-gnu/ImageMagick-6 -I/usr/include/ImageMagick-6 -fopenmp -DMAGICKCORE_HDRI_ENABLE=0 -DMAGICKCORE_QUANTUM_DEPTH=16  -I'/home/runner/work/_temp/Library/Rcpp/include' -I/usr/local/include   -fvisibility=hidden -fpic  -g -O2   -c segment.cpp -o segment.o
g++ -std=gnu++17 -I"/opt/R/4.5.2/lib/R/include" -DNDEBUG -I/usr/include/x86_64-linux-gnu/ImageMagick-6 -I/usr/include/ImageMagick-6 -fopenmp -DMAGICKCORE_HDRI_ENABLE=0 -DMAGICKCORE_QUANTUM_DEPTH=16  -I'/home/runner/work/_temp/Library/Rcpp/include' -I/usr/local/include   -fvisibility=hidden -fpic  -g -O2   -c transformations.cpp -o transformations.o
g++ -std=gnu++17 -shared -L/opt/R/4.5.2/lib/R/lib -L/usr/local/lib -o magick.so RcppExports.o animation.o attributes.o base.o color.o composite.o config.o convolve.o device.o edges.o edit.o fonts.o options.o properties.o resize.o segment.o transformations.o -lMagick++-6.Q16 -lMagickWand-6.Q16 -lMagickCore-6.Q16 -L/opt/R/4.5.2/lib/R/lib -lR
installing to /home/runner/work/_temp/Library/00LOCK-magick/00new/magick/libs
** R
** inst
** byte-compile and prepare package for lazy loading
** help
*** installing help indices
** building package indices
** installing vignettes
** testing if installed package can be loaded from temporary location
** checking absolute paths in shared objects and dynamic libraries
** testing if installed package can be loaded from final location
** testing if installed package keeps a record of temporary installation path
* DONE (magick)
* installing *source* package ‘openssl’ ...
** this is package ‘openssl’ version ‘2.3.4’
** package ‘openssl’ successfully unpacked and MD5 sums checked
** using staged installation
Found pkg-config cflags and libs!
Using PKG_CFLAGS=
Using PKG_LIBS=-l:libssl.so.3 -l:libcrypto.so.3 
** libs
using C compiler: ‘gcc (Ubuntu 13.3.0-6ubuntu2~24.04) 13.3.0’
rm -f aes.o base64.o bignum.o cert.o compatibility.o diffie.o envelope.o error.o hash.o info.o keygen.o keys.o onload.o openssh.o password.o pbkdf.o pem.o pkcs12.o pkcs7.o rand.o rsa.o signing.o ssl.o stream.o write.o x25519.o openssl.so bcrypt/libstatbcrypt.a bcrypt/bcrypt_pbkdf.o bcrypt/blowfish.o
gcc -std=gnu2x -I"/opt/R/4.5.2/lib/R/include" -DNDEBUG -DOPENSSL_SUPPRESS_DEPRECATED -DSTRICT_R_HEADERS -DR_NO_REMAP  -I/usr/local/include    -fpic  -g -O2  -c aes.c -o aes.o
gcc -std=gnu2x -I"/opt/R/4.5.2/lib/R/include" -DNDEBUG -DOPENSSL_SUPPRESS_DEPRECATED -DSTRICT_R_HEADERS -DR_NO_REMAP  -I/usr/local/include    -fpic  -g -O2  -c base64.c -o base64.o
gcc -std=gnu2x -I"/opt/R/4.5.2/lib/R/include" -DNDEBUG -DOPENSSL_SUPPRESS_DEPRECATED -DSTRICT_R_HEADERS -DR_NO_REMAP  -I/usr/local/include    -fpic  -g -O2  -c bignum.c -o bignum.o
gcc -std=gnu2x -I"/opt/R/4.5.2/lib/R/include" -DNDEBUG -DOPENSSL_SUPPRESS_DEPRECATED -DSTRICT_R_HEADERS -DR_NO_REMAP  -I/usr/local/include    -fpic  -g -O2  -c cert.c -o cert.o
gcc -std=gnu2x -I"/opt/R/4.5.2/lib/R/include" -DNDEBUG -DOPENSSL_SUPPRESS_DEPRECATED -DSTRICT_R_HEADERS -DR_NO_REMAP  -I/usr/local/include    -fpic  -g -O2  -c compatibility.c -o compatibility.o
gcc -std=gnu2x -I"/opt/R/4.5.2/lib/R/include" -DNDEBUG -DOPENSSL_SUPPRESS_DEPRECATED -DSTRICT_R_HEADERS -DR_NO_REMAP  -I/usr/local/include    -fpic  -g -O2  -c diffie.c -o diffie.o
gcc -std=gnu2x -I"/opt/R/4.5.2/lib/R/include" -DNDEBUG -DOPENSSL_SUPPRESS_DEPRECATED -DSTRICT_R_HEADERS -DR_NO_REMAP  -I/usr/local/include    -fpic  -g -O2  -c envelope.c -o envelope.o
gcc -std=gnu2x -I"/opt/R/4.5.2/lib/R/include" -DNDEBUG -DOPENSSL_SUPPRESS_DEPRECATED -DSTRICT_R_HEADERS -DR_NO_REMAP  -I/usr/local/include    -fpic  -g -O2  -c error.c -o error.o
gcc -std=gnu2x -I"/opt/R/4.5.2/lib/R/include" -DNDEBUG -DOPENSSL_SUPPRESS_DEPRECATED -DSTRICT_R_HEADERS -DR_NO_REMAP  -I/usr/local/include    -fpic  -g -O2  -c hash.c -o hash.o
gcc -std=gnu2x -I"/opt/R/4.5.2/lib/R/include" -DNDEBUG -DOPENSSL_SUPPRESS_DEPRECATED -DSTRICT_R_HEADERS -DR_NO_REMAP  -I/usr/local/include    -fpic  -g -O2  -c info.c -o info.o
gcc -std=gnu2x -I"/opt/R/4.5.2/lib/R/include" -DNDEBUG -DOPENSSL_SUPPRESS_DEPRECATED -DSTRICT_R_HEADERS -DR_NO_REMAP  -I/usr/local/include    -fpic  -g -O2  -c keygen.c -o keygen.o
gcc -std=gnu2x -I"/opt/R/4.5.2/lib/R/include" -DNDEBUG -DOPENSSL_SUPPRESS_DEPRECATED -DSTRICT_R_HEADERS -DR_NO_REMAP  -I/usr/local/include    -fpic  -g -O2  -c keys.c -o keys.o
gcc -std=gnu2x -I"/opt/R/4.5.2/lib/R/include" -DNDEBUG -DOPENSSL_SUPPRESS_DEPRECATED -DSTRICT_R_HEADERS -DR_NO_REMAP  -I/usr/local/include    -fpic  -g -O2  -c onload.c -o onload.o
gcc -std=gnu2x -I"/opt/R/4.5.2/lib/R/include" -DNDEBUG -DOPENSSL_SUPPRESS_DEPRECATED -DSTRICT_R_HEADERS -DR_NO_REMAP  -I/usr/local/include    -fpic  -g -O2  -c openssh.c -o openssh.o
gcc -std=gnu2x -I"/opt/R/4.5.2/lib/R/include" -DNDEBUG -DOPENSSL_SUPPRESS_DEPRECATED -DSTRICT_R_HEADERS -DR_NO_REMAP  -I/usr/local/include    -fpic  -g -O2  -c password.c -o password.o
gcc -std=gnu2x -I"/opt/R/4.5.2/lib/R/include" -DNDEBUG -DOPENSSL_SUPPRESS_DEPRECATED -DSTRICT_R_HEADERS -DR_NO_REMAP  -I/usr/local/include    -fpic  -g -O2  -c pbkdf.c -o pbkdf.o
gcc -std=gnu2x -I"/opt/R/4.5.2/lib/R/include" -DNDEBUG -DOPENSSL_SUPPRESS_DEPRECATED -DSTRICT_R_HEADERS -DR_NO_REMAP  -I/usr/local/include    -fpic  -g -O2  -c pem.c -o pem.o
gcc -std=gnu2x -I"/opt/R/4.5.2/lib/R/include" -DNDEBUG -DOPENSSL_SUPPRESS_DEPRECATED -DSTRICT_R_HEADERS -DR_NO_REMAP  -I/usr/local/include    -fpic  -g -O2  -c pkcs12.c -o pkcs12.o
gcc -std=gnu2x -I"/opt/R/4.5.2/lib/R/include" -DNDEBUG -DOPENSSL_SUPPRESS_DEPRECATED -DSTRICT_R_HEADERS -DR_NO_REMAP  -I/usr/local/include    -fpic  -g -O2  -c pkcs7.c -o pkcs7.o
gcc -std=gnu2x -I"/opt/R/4.5.2/lib/R/include" -DNDEBUG -DOPENSSL_SUPPRESS_DEPRECATED -DSTRICT_R_HEADERS -DR_NO_REMAP  -I/usr/local/include    -fpic  -g -O2  -c rand.c -o rand.o
gcc -std=gnu2x -I"/opt/R/4.5.2/lib/R/include" -DNDEBUG -DOPENSSL_SUPPRESS_DEPRECATED -DSTRICT_R_HEADERS -DR_NO_REMAP  -I/usr/local/include    -fpic  -g -O2  -c rsa.c -o rsa.o
gcc -std=gnu2x -I"/opt/R/4.5.2/lib/R/include" -DNDEBUG -DOPENSSL_SUPPRESS_DEPRECATED -DSTRICT_R_HEADERS -DR_NO_REMAP  -I/usr/local/include    -fpic  -g -O2  -c signing.c -o signing.o
gcc -std=gnu2x -I"/opt/R/4.5.2/lib/R/include" -DNDEBUG -DOPENSSL_SUPPRESS_DEPRECATED -DSTRICT_R_HEADERS -DR_NO_REMAP  -I/usr/local/include    -fpic  -g -O2  -c ssl.c -o ssl.o
gcc -std=gnu2x -I"/opt/R/4.5.2/lib/R/include" -DNDEBUG -DOPENSSL_SUPPRESS_DEPRECATED -DSTRICT_R_HEADERS -DR_NO_REMAP  -I/usr/local/include    -fpic  -g -O2  -c stream.c -o stream.o
gcc -std=gnu2x -I"/opt/R/4.5.2/lib/R/include" -DNDEBUG -DOPENSSL_SUPPRESS_DEPRECATED -DSTRICT_R_HEADERS -DR_NO_REMAP  -I/usr/local/include    -fpic  -g -O2  -c write.c -o write.o
gcc -std=gnu2x -I"/opt/R/4.5.2/lib/R/include" -DNDEBUG -DOPENSSL_SUPPRESS_DEPRECATED -DSTRICT_R_HEADERS -DR_NO_REMAP  -I/usr/local/include    -fpic  -g -O2  -c x25519.c -o x25519.o
gcc -std=gnu2x -I"/opt/R/4.5.2/lib/R/include" -DNDEBUG -DOPENSSL_SUPPRESS_DEPRECATED -DSTRICT_R_HEADERS -DR_NO_REMAP  -I/usr/local/include    -fpic  -g -O2  -c bcrypt/bcrypt_pbkdf.c -o bcrypt/bcrypt_pbkdf.o
gcc -std=gnu2x -I"/opt/R/4.5.2/lib/R/include" -DNDEBUG -DOPENSSL_SUPPRESS_DEPRECATED -DSTRICT_R_HEADERS -DR_NO_REMAP  -I/usr/local/include    -fpic  -g -O2  -c bcrypt/blowfish.c -o bcrypt/blowfish.o
ar rcs bcrypt/libstatbcrypt.a bcrypt/bcrypt_pbkdf.o bcrypt/blowfish.o
gcc -std=gnu2x -shared -L/opt/R/4.5.2/lib/R/lib -L/usr/local/lib -o openssl.so aes.o base64.o bignum.o cert.o compatibility.o diffie.o envelope.o error.o hash.o info.o keygen.o keys.o onload.o openssh.o password.o pbkdf.o pem.o pkcs12.o pkcs7.o rand.o rsa.o signing.o ssl.o stream.o write.o x25519.o -Lbcrypt -lstatbcrypt -l:libssl.so.3 -l:libcrypto.so.3 -L/opt/R/4.5.2/lib/R/lib -lR
installing to /home/runner/work/_temp/Library/00LOCK-openssl/00new/openssl/libs
** R
** inst
** byte-compile and prepare package for lazy loading
** help
*** installing help indices
** building package indices
** installing vignettes
** testing if installed package can be loaded from temporary location
** checking absolute paths in shared objects and dynamic libraries
** testing if installed package can be loaded from final location
** testing if installed package keeps a record of temporary installation path
* DONE (openssl)
* installing *source* package ‘tibble’ ...
** this is package ‘tibble’ version ‘3.3.0’
** package ‘tibble’ successfully unpacked and MD5 sums checked
** using staged installation
** libs
using C compiler: ‘gcc (Ubuntu 13.3.0-6ubuntu2~24.04) 13.3.0’
gcc -std=gnu2x -I"/opt/R/4.5.2/lib/R/include" -DNDEBUG   -I/usr/local/include    -fpic  -g -O2  -c attributes.c -o attributes.o
gcc -std=gnu2x -I"/opt/R/4.5.2/lib/R/include" -DNDEBUG   -I/usr/local/include    -fpic  -g -O2  -c coerce.c -o coerce.o
gcc -std=gnu2x -I"/opt/R/4.5.2/lib/R/include" -DNDEBUG   -I/usr/local/include    -fpic  -g -O2  -c init.c -o init.o
gcc -std=gnu2x -I"/opt/R/4.5.2/lib/R/include" -DNDEBUG   -I/usr/local/include    -fpic  -g -O2  -c matrixToDataFrame.c -o matrixToDataFrame.o
gcc -std=gnu2x -shared -L/opt/R/4.5.2/lib/R/lib -L/usr/local/lib -o tibble.so attributes.o coerce.o init.o matrixToDataFrame.o -L/opt/R/4.5.2/lib/R/lib -lR
installing to /home/runner/work/_temp/Library/00LOCK-tibble/00new/tibble/libs
** R
** inst
** byte-compile and prepare package for lazy loading
** help
*** installing help indices
*** copying figures
** building package indices
** installing vignettes
** testing if installed package can be loaded from temporary location
** checking absolute paths in shared objects and dynamic libraries
** testing if installed package can be loaded from final location
** testing if installed package keeps a record of temporary installation path
* DONE (tibble)
* installing *source* package ‘textshaping’ ...
** this is package ‘textshaping’ version ‘1.0.4’
** package ‘textshaping’ successfully unpacked and MD5 sums checked
** using staged installation
Found pkg-config cflags and libs!
Using PKG_CFLAGS=-I/usr/include/harfbuzz -I/usr/include/freetype2 -I/usr/include/libpng16 -I/usr/include/glib-2.0 -I/usr/lib/x86_64-linux-gnu/glib-2.0/include -I/usr/include/fribidi 
Using PKG_LIBS=-lharfbuzz -lfreetype -lfribidi 
** libs
using C++ compiler: ‘g++ (Ubuntu 13.3.0-6ubuntu2~24.04) 13.3.0’
rm -f textshaping.so cpp11.o face_feature.o hb_shaper.o init.o string_bidi.o string_metrics.o string_shape.o
g++ -std=gnu++17 -I"/opt/R/4.5.2/lib/R/include" -DNDEBUG -DNDEBUG -I/usr/include/harfbuzz -I/usr/include/freetype2 -I/usr/include/libpng16 -I/usr/include/glib-2.0 -I/usr/lib/x86_64-linux-gnu/glib-2.0/include -I/usr/include/fribidi  -I'/home/runner/work/_temp/Library/cpp11/include' -I'/home/runner/work/_temp/Library/systemfonts/include' -I/usr/local/include    -fpic  -g -O2   -c cpp11.cpp -o cpp11.o
g++ -std=gnu++17 -I"/opt/R/4.5.2/lib/R/include" -DNDEBUG -DNDEBUG -I/usr/include/harfbuzz -I/usr/include/freetype2 -I/usr/include/libpng16 -I/usr/include/glib-2.0 -I/usr/lib/x86_64-linux-gnu/glib-2.0/include -I/usr/include/fribidi  -I'/home/runner/work/_temp/Library/cpp11/include' -I'/home/runner/work/_temp/Library/systemfonts/include' -I/usr/local/include    -fpic  -g -O2   -c face_feature.cpp -o face_feature.o
g++ -std=gnu++17 -I"/opt/R/4.5.2/lib/R/include" -DNDEBUG -DNDEBUG -I/usr/include/harfbuzz -I/usr/include/freetype2 -I/usr/include/libpng16 -I/usr/include/glib-2.0 -I/usr/lib/x86_64-linux-gnu/glib-2.0/include -I/usr/include/fribidi  -I'/home/runner/work/_temp/Library/cpp11/include' -I'/home/runner/work/_temp/Library/systemfonts/include' -I/usr/local/include    -fpic  -g -O2   -c hb_shaper.cpp -o hb_shaper.o
g++ -std=gnu++17 -I"/opt/R/4.5.2/lib/R/include" -DNDEBUG -DNDEBUG -I/usr/include/harfbuzz -I/usr/include/freetype2 -I/usr/include/libpng16 -I/usr/include/glib-2.0 -I/usr/lib/x86_64-linux-gnu/glib-2.0/include -I/usr/include/fribidi  -I'/home/runner/work/_temp/Library/cpp11/include' -I'/home/runner/work/_temp/Library/systemfonts/include' -I/usr/local/include    -fpic  -g -O2   -c init.cpp -o init.o
g++ -std=gnu++17 -I"/opt/R/4.5.2/lib/R/include" -DNDEBUG -DNDEBUG -I/usr/include/harfbuzz -I/usr/include/freetype2 -I/usr/include/libpng16 -I/usr/include/glib-2.0 -I/usr/lib/x86_64-linux-gnu/glib-2.0/include -I/usr/include/fribidi  -I'/home/runner/work/_temp/Library/cpp11/include' -I'/home/runner/work/_temp/Library/systemfonts/include' -I/usr/local/include    -fpic  -g -O2   -c string_bidi.cpp -o string_bidi.o
g++ -std=gnu++17 -I"/opt/R/4.5.2/lib/R/include" -DNDEBUG -DNDEBUG -I/usr/include/harfbuzz -I/usr/include/freetype2 -I/usr/include/libpng16 -I/usr/include/glib-2.0 -I/usr/lib/x86_64-linux-gnu/glib-2.0/include -I/usr/include/fribidi  -I'/home/runner/work/_temp/Library/cpp11/include' -I'/home/runner/work/_temp/Library/systemfonts/include' -I/usr/local/include    -fpic  -g -O2   -c string_metrics.cpp -o string_metrics.o
g++ -std=gnu++17 -I"/opt/R/4.5.2/lib/R/include" -DNDEBUG -DNDEBUG -I/usr/include/harfbuzz -I/usr/include/freetype2 -I/usr/include/libpng16 -I/usr/include/glib-2.0 -I/usr/lib/x86_64-linux-gnu/glib-2.0/include -I/usr/include/fribidi  -I'/home/runner/work/_temp/Library/cpp11/include' -I'/home/runner/work/_temp/Library/systemfonts/include' -I/usr/local/include    -fpic  -g -O2   -c string_shape.cpp -o string_shape.o
g++ -std=gnu++17 -shared -L/opt/R/4.5.2/lib/R/lib -L/usr/local/lib -o textshaping.so cpp11.o face_feature.o hb_shaper.o init.o string_bidi.o string_metrics.o string_shape.o -lharfbuzz -lfreetype -lfribidi -L/opt/R/4.5.2/lib/R/lib -lR
installing to /home/runner/work/_temp/Library/00LOCK-textshaping/00new/textshaping/libs
** R
** inst
** byte-compile and prepare package for lazy loading
** help
*** installing help indices
*** copying figures
** building package indices
** installing vignettes
** testing if installed package can be loaded from temporary location
** checking absolute paths in shared objects and dynamic libraries
** testing if installed package can be loaded from final location
** testing if installed package keeps a record of temporary installation path
* DONE (textshaping)
* installing *source* package ‘callr’ ...
** this is package ‘callr’ version ‘3.7.6’
** package ‘callr’ successfully unpacked and MD5 sums checked
** using staged installation
** R
** inst
** byte-compile and prepare package for lazy loading
R6Class r_process: finalize() method is public, but it should be private as of R6 2.4.0. This code will continue to work, but in a future version of R6, finalize() will be required to be private.
R6Class r_session: finalize() method is public, but it should be private as of R6 2.4.0. This code will continue to work, but in a future version of R6, finalize() will be required to be private.
R6Class rcmd_process: finalize() method is public, but it should be private as of R6 2.4.0. This code will continue to work, but in a future version of R6, finalize() will be required to be private.
R6Class rscript_process: finalize() method is public, but it should be private as of R6 2.4.0. This code will continue to work, but in a future version of R6, finalize() will be required to be private.
** help
*** installing help indices
*** copying figures
** building package indices
** testing if installed package can be loaded from temporary location
** testing if installed package can be loaded from final location
** testing if installed package keeps a record of temporary installation path
* DONE (callr)
* installing *source* package ‘waldo’ ...
** this is package ‘waldo’ version ‘0.6.2’
** package ‘waldo’ successfully unpacked and MD5 sums checked
** using staged installation
** R
** byte-compile and prepare package for lazy loading
** help
*** installing help indices
*** copying figures
** building package indices
** testing if installed package can be loaded from temporary location
** testing if installed package can be loaded from final location
** testing if installed package keeps a record of temporary installation path
* DONE (waldo)
* installing *source* package ‘futile.logger’ ...
** this is package ‘futile.logger’ version ‘1.4.3’
** package ‘futile.logger’ successfully unpacked and MD5 sums checked
** using staged installation
** R
** byte-compile and prepare package for lazy loading
** help
*** installing help indices
** building package indices
** testing if installed package can be loaded from temporary location
** testing if installed package can be loaded from final location
** testing if installed package keeps a record of temporary installation path
* DONE (futile.logger)
* installing *source* package ‘ggplot2’ ...
** this is package ‘ggplot2’ version ‘4.0.1’
** package ‘ggplot2’ successfully unpacked and MD5 sums checked
** using staged installation
** R
** data
*** moving datasets to lazyload DB
** inst
** byte-compile and prepare package for lazy loading
** help
*** installing help indices
*** copying figures
** building package indices
** installing vignettes
** testing if installed package can be loaded from temporary location
** testing if installed package can be loaded from final location
** testing if installed package keeps a record of temporary installation path
* DONE (ggplot2)
* installing *source* package ‘PASWR’ ...
** this is package ‘PASWR’ version ‘1.3’
** package ‘PASWR’ successfully unpacked and MD5 sums checked
** using staged installation
** R
** data
*** moving datasets to lazyload DB
** byte-compile and prepare package for lazy loading
** help
*** installing help indices
** building package indices
** testing if installed package can be loaded from temporary location
** testing if installed package can be loaded from final location
** testing if installed package keeps a record of temporary installation path
* DONE (PASWR)
* installing *source* package ‘pkgbuild’ ...
** this is package ‘pkgbuild’ version ‘1.4.8’
** package ‘pkgbuild’ successfully unpacked and MD5 sums checked
** using staged installation
** R
** byte-compile and prepare package for lazy loading
** help
*** installing help indices
** building package indices
** testing if installed package can be loaded from temporary location
** testing if installed package can be loaded from final location
** testing if installed package keeps a record of temporary installation path
* DONE (pkgbuild)
* installing *source* package ‘httr’ ...
** this is package ‘httr’ version ‘1.4.7’
** package ‘httr’ successfully unpacked and MD5 sums checked
** using staged installation
** R
** demo
** inst
** byte-compile and prepare package for lazy loading
** help
*** installing help indices
** building package indices
** installing vignettes
** testing if installed package can be loaded from temporary location
** testing if installed package can be loaded from final location
** testing if installed package keeps a record of temporary installation path
* DONE (httr)
* installing *source* package ‘dplyr’ ...
** this is package ‘dplyr’ version ‘1.1.4’
** package ‘dplyr’ successfully unpacked and MD5 sums checked
** using staged installation
** libs
using C++ compiler: ‘g++ (Ubuntu 13.3.0-6ubuntu2~24.04) 13.3.0’
g++ -std=gnu++17 -I"/opt/R/4.5.2/lib/R/include" -DNDEBUG   -I/usr/local/include    -fpic  -g -O2   -c chop.cpp -o chop.o
g++ -std=gnu++17 -I"/opt/R/4.5.2/lib/R/include" -DNDEBUG   -I/usr/local/include    -fpic  -g -O2   -c filter.cpp -o filter.o
g++ -std=gnu++17 -I"/opt/R/4.5.2/lib/R/include" -DNDEBUG   -I/usr/local/include    -fpic  -g -O2   -c funs.cpp -o funs.o
g++ -std=gnu++17 -I"/opt/R/4.5.2/lib/R/include" -DNDEBUG   -I/usr/local/include    -fpic  -g -O2   -c group_by.cpp -o group_by.o
g++ -std=gnu++17 -I"/opt/R/4.5.2/lib/R/include" -DNDEBUG   -I/usr/local/include    -fpic  -g -O2   -c group_data.cpp -o group_data.o
g++ -std=gnu++17 -I"/opt/R/4.5.2/lib/R/include" -DNDEBUG   -I/usr/local/include    -fpic  -g -O2   -c imports.cpp -o imports.o
g++ -std=gnu++17 -I"/opt/R/4.5.2/lib/R/include" -DNDEBUG   -I/usr/local/include    -fpic  -g -O2   -c init.cpp -o init.o
g++ -std=gnu++17 -I"/opt/R/4.5.2/lib/R/include" -DNDEBUG   -I/usr/local/include    -fpic  -g -O2   -c mask.cpp -o mask.o
g++ -std=gnu++17 -I"/opt/R/4.5.2/lib/R/include" -DNDEBUG   -I/usr/local/include    -fpic  -g -O2   -c mutate.cpp -o mutate.o
g++ -std=gnu++17 -I"/opt/R/4.5.2/lib/R/include" -DNDEBUG   -I/usr/local/include    -fpic  -g -O2   -c reconstruct.cpp -o reconstruct.o
g++ -std=gnu++17 -I"/opt/R/4.5.2/lib/R/include" -DNDEBUG   -I/usr/local/include    -fpic  -g -O2   -c slice.cpp -o slice.o
g++ -std=gnu++17 -I"/opt/R/4.5.2/lib/R/include" -DNDEBUG   -I/usr/local/include    -fpic  -g -O2   -c summarise.cpp -o summarise.o
g++ -std=gnu++17 -shared -L/opt/R/4.5.2/lib/R/lib -L/usr/local/lib -o dplyr.so chop.o filter.o funs.o group_by.o group_data.o imports.o init.o mask.o mutate.o reconstruct.o slice.o summarise.o -L/opt/R/4.5.2/lib/R/lib -lR
installing to /home/runner/work/_temp/Library/00LOCK-dplyr/00new/dplyr/libs
** R
** data
*** moving datasets to lazyload DB
** inst
** byte-compile and prepare package for lazy loading
** help
*** installing help indices
*** copying figures
** building package indices
** installing vignettes
** testing if installed package can be loaded from temporary location
** checking absolute paths in shared objects and dynamic libraries
** testing if installed package can be loaded from final location
** testing if installed package keeps a record of temporary installation path
* DONE (dplyr)
* installing *source* package ‘forcats’ ...
** this is package ‘forcats’ version ‘1.0.1’
** package ‘forcats’ successfully unpacked and MD5 sums checked
** using staged installation
** R
** data
*** moving datasets to lazyload DB
** inst
** byte-compile and prepare package for lazy loading
** help
*** installing help indices
*** copying figures
** building package indices
** installing vignettes
** testing if installed package can be loaded from temporary location
** testing if installed package can be loaded from final location
** testing if installed package keeps a record of temporary installation path
* DONE (forcats)
* installing *source* package ‘patchwork’ ...
** this is package ‘patchwork’ version ‘1.3.2’
** package ‘patchwork’ successfully unpacked and MD5 sums checked
** using staged installation
** R
** inst
** byte-compile and prepare package for lazy loading
** help
*** installing help indices
*** copying figures
** building package indices
** installing vignettes
** testing if installed package can be loaded from temporary location
** testing if installed package can be loaded from final location
** testing if installed package keeps a record of temporary installation path
* DONE (patchwork)
* installing *source* package ‘ragg’ ...
** this is package ‘ragg’ version ‘1.5.0’
** package ‘ragg’ successfully unpacked and MD5 sums checked
** using staged installation
Found pkg-config cflags and libs!
Using PKG_CFLAGS=-I/usr/include/freetype2 -I/usr/include/libpng16 -I/usr/include/x86_64-linux-gnu -I/usr/include/webp 
Using PKG_LIBS=-lfreetype -lpng16 -ltiff -ljpeg -lwebp -lwebpmux 
** libs
using C++ compiler: ‘g++ (Ubuntu 13.3.0-6ubuntu2~24.04) 13.3.0’
g++ -std=gnu++17 -I"/opt/R/4.5.2/lib/R/include" -DNDEBUG -I./agg/include -I/usr/include/freetype2 -I/usr/include/libpng16 -I/usr/include/x86_64-linux-gnu -I/usr/include/webp  -I'/home/runner/work/_temp/Library/systemfonts/include' -I'/home/runner/work/_temp/Library/textshaping/include' -I/usr/local/include    -fpic  -g -O2   -c capture_dev.cpp -o capture_dev.o
g++ -std=gnu++17 -I"/opt/R/4.5.2/lib/R/include" -DNDEBUG -I./agg/include -I/usr/include/freetype2 -I/usr/include/libpng16 -I/usr/include/x86_64-linux-gnu -I/usr/include/webp  -I'/home/runner/work/_temp/Library/systemfonts/include' -I'/home/runner/work/_temp/Library/textshaping/include' -I/usr/local/include    -fpic  -g -O2   -c init.cpp -o init.o
g++ -std=gnu++17 -I"/opt/R/4.5.2/lib/R/include" -DNDEBUG -I./agg/include -I/usr/include/freetype2 -I/usr/include/libpng16 -I/usr/include/x86_64-linux-gnu -I/usr/include/webp  -I'/home/runner/work/_temp/Library/systemfonts/include' -I'/home/runner/work/_temp/Library/textshaping/include' -I/usr/local/include    -fpic  -g -O2   -c jpeg_dev.cpp -o jpeg_dev.o
g++ -std=gnu++17 -I"/opt/R/4.5.2/lib/R/include" -DNDEBUG -I./agg/include -I/usr/include/freetype2 -I/usr/include/libpng16 -I/usr/include/x86_64-linux-gnu -I/usr/include/webp  -I'/home/runner/work/_temp/Library/systemfonts/include' -I'/home/runner/work/_temp/Library/textshaping/include' -I/usr/local/include    -fpic  -g -O2   -c png_dev.cpp -o png_dev.o
g++ -std=gnu++17 -I"/opt/R/4.5.2/lib/R/include" -DNDEBUG -I./agg/include -I/usr/include/freetype2 -I/usr/include/libpng16 -I/usr/include/x86_64-linux-gnu -I/usr/include/webp  -I'/home/runner/work/_temp/Library/systemfonts/include' -I'/home/runner/work/_temp/Library/textshaping/include' -I/usr/local/include    -fpic  -g -O2   -c ppm_dev.cpp -o ppm_dev.o
g++ -std=gnu++17 -I"/opt/R/4.5.2/lib/R/include" -DNDEBUG -I./agg/include -I/usr/include/freetype2 -I/usr/include/libpng16 -I/usr/include/x86_64-linux-gnu -I/usr/include/webp  -I'/home/runner/work/_temp/Library/systemfonts/include' -I'/home/runner/work/_temp/Library/textshaping/include' -I/usr/local/include    -fpic  -g -O2   -c record_dev.cpp -o record_dev.o
g++ -std=gnu++17 -I"/opt/R/4.5.2/lib/R/include" -DNDEBUG -I./agg/include -I/usr/include/freetype2 -I/usr/include/libpng16 -I/usr/include/x86_64-linux-gnu -I/usr/include/webp  -I'/home/runner/work/_temp/Library/systemfonts/include' -I'/home/runner/work/_temp/Library/textshaping/include' -I/usr/local/include    -fpic  -g -O2   -c tiff_dev.cpp -o tiff_dev.o
g++ -std=gnu++17 -I"/opt/R/4.5.2/lib/R/include" -DNDEBUG -I./agg/include -I/usr/include/freetype2 -I/usr/include/libpng16 -I/usr/include/x86_64-linux-gnu -I/usr/include/webp  -I'/home/runner/work/_temp/Library/systemfonts/include' -I'/home/runner/work/_temp/Library/textshaping/include' -I/usr/local/include    -fpic  -g -O2   -c webp_anim_dev.cpp -o webp_anim_dev.o
g++ -std=gnu++17 -I"/opt/R/4.5.2/lib/R/include" -DNDEBUG -I./agg/include -I/usr/include/freetype2 -I/usr/include/libpng16 -I/usr/include/x86_64-linux-gnu -I/usr/include/webp  -I'/home/runner/work/_temp/Library/systemfonts/include' -I'/home/runner/work/_temp/Library/textshaping/include' -I/usr/local/include    -fpic  -g -O2   -c webp_dev.cpp -o webp_dev.o
In file included from webp_dev.cpp:3:
AggDeviceWebP.h: In member function ‘bool AggDeviceWebP<PIXFMT>::savePage()’:
AggDeviceWebP.h:42:59: warning: ignoring attributes on template argument ‘int (*)(FILE*)’ [-Wignored-attributes]
   42 |     auto fd = std::unique_ptr<FILE, decltype(&std::fclose)>(
      |                                                           ^
g++ -std=gnu++17 -I"/opt/R/4.5.2/lib/R/include" -DNDEBUG -I./agg/include -I/usr/include/freetype2 -I/usr/include/libpng16 -I/usr/include/x86_64-linux-gnu -I/usr/include/webp  -I'/home/runner/work/_temp/Library/systemfonts/include' -I'/home/runner/work/_temp/Library/textshaping/include' -I/usr/local/include    -fpic  -g -O2   -c agg/src/agg_curves.cpp -o agg/src/agg_curves.o
g++ -std=gnu++17 -I"/opt/R/4.5.2/lib/R/include" -DNDEBUG -I./agg/include -I/usr/include/freetype2 -I/usr/include/libpng16 -I/usr/include/x86_64-linux-gnu -I/usr/include/webp  -I'/home/runner/work/_temp/Library/systemfonts/include' -I'/home/runner/work/_temp/Library/textshaping/include' -I/usr/local/include    -fpic  -g -O2   -c agg/src/agg_font_freetype.cpp -o agg/src/agg_font_freetype.o
g++ -std=gnu++17 -I"/opt/R/4.5.2/lib/R/include" -DNDEBUG -I./agg/include -I/usr/include/freetype2 -I/usr/include/libpng16 -I/usr/include/x86_64-linux-gnu -I/usr/include/webp  -I'/home/runner/work/_temp/Library/systemfonts/include' -I'/home/runner/work/_temp/Library/textshaping/include' -I/usr/local/include    -fpic  -g -O2   -c agg/src/agg_image_filters.cpp -o agg/src/agg_image_filters.o
g++ -std=gnu++17 -I"/opt/R/4.5.2/lib/R/include" -DNDEBUG -I./agg/include -I/usr/include/freetype2 -I/usr/include/libpng16 -I/usr/include/x86_64-linux-gnu -I/usr/include/webp  -I'/home/runner/work/_temp/Library/systemfonts/include' -I'/home/runner/work/_temp/Library/textshaping/include' -I/usr/local/include    -fpic  -g -O2   -c agg/src/agg_trans_affine.cpp -o agg/src/agg_trans_affine.o
g++ -std=gnu++17 -I"/opt/R/4.5.2/lib/R/include" -DNDEBUG -I./agg/include -I/usr/include/freetype2 -I/usr/include/libpng16 -I/usr/include/x86_64-linux-gnu -I/usr/include/webp  -I'/home/runner/work/_temp/Library/systemfonts/include' -I'/home/runner/work/_temp/Library/textshaping/include' -I/usr/local/include    -fpic  -g -O2   -c agg/src/agg_vcgen_dash.cpp -o agg/src/agg_vcgen_dash.o
g++ -std=gnu++17 -I"/opt/R/4.5.2/lib/R/include" -DNDEBUG -I./agg/include -I/usr/include/freetype2 -I/usr/include/libpng16 -I/usr/include/x86_64-linux-gnu -I/usr/include/webp  -I'/home/runner/work/_temp/Library/systemfonts/include' -I'/home/runner/work/_temp/Library/textshaping/include' -I/usr/local/include    -fpic  -g -O2   -c agg/src/agg_vcgen_stroke.cpp -o agg/src/agg_vcgen_stroke.o
ar rcs agg/libstatagg.a agg/src/agg_curves.o agg/src/agg_font_freetype.o agg/src/agg_image_filters.o agg/src/agg_trans_affine.o agg/src/agg_vcgen_dash.o agg/src/agg_vcgen_stroke.o
g++ -std=gnu++17 -shared -L/opt/R/4.5.2/lib/R/lib -L/usr/local/lib -o ragg.so capture_dev.o init.o jpeg_dev.o png_dev.o ppm_dev.o record_dev.o tiff_dev.o webp_anim_dev.o webp_dev.o -Lagg -lstatagg -lfreetype -lpng16 -ltiff -ljpeg -lwebp -lwebpmux -L/opt/R/4.5.2/lib/R/lib -lR
installing to /home/runner/work/_temp/Library/00LOCK-ragg/00new/ragg/libs
** R
** byte-compile and prepare package for lazy loading
** help
*** installing help indices
*** copying figures
** building package indices
** testing if installed package can be loaded from temporary location
** checking absolute paths in shared objects and dynamic libraries
** testing if installed package can be loaded from final location
** testing if installed package keeps a record of temporary installation path
* DONE (ragg)
* installing *source* package ‘VennDiagram’ ...
** this is package ‘VennDiagram’ version ‘1.7.3’
** package ‘VennDiagram’ successfully unpacked and MD5 sums checked
** using staged installation
** R
** data
** byte-compile and prepare package for lazy loading
** help
*** installing help indices
** building package indices
** testing if installed package can be loaded from temporary location
** testing if installed package can be loaded from final location
** testing if installed package keeps a record of temporary installation path
* DONE (VennDiagram)
* installing *source* package ‘cowplot’ ...
** this is package ‘cowplot’ version ‘1.2.0’
** package ‘cowplot’ successfully unpacked and MD5 sums checked
** using staged installation
** R
** inst
** byte-compile and prepare package for lazy loading
** help
*** installing help indices
*** copying figures
** building package indices
** installing vignettes
** testing if installed package can be loaded from temporary location
** testing if installed package can be loaded from final location
** testing if installed package keeps a record of temporary installation path
* DONE (cowplot)
* installing *source* package ‘pkgload’ ...
** this is package ‘pkgload’ version ‘1.4.1’
** package ‘pkgload’ successfully unpacked and MD5 sums checked
** using staged installation
** R
** inst
** byte-compile and prepare package for lazy loading
** help
*** installing help indices
** building package indices
** testing if installed package can be loaded from temporary location
** testing if installed package can be loaded from final location
** testing if installed package keeps a record of temporary installation path
* DONE (pkgload)
* installing *source* package ‘covr’ ...
** this is package ‘covr’ version ‘3.6.5’
** package ‘covr’ successfully unpacked and MD5 sums checked
** using staged installation
** libs
using C compiler: ‘gcc (Ubuntu 13.3.0-6ubuntu2~24.04) 13.3.0’
gcc -std=gnu2x -I"/opt/R/4.5.2/lib/R/include" -DNDEBUG   -I/usr/local/include    -fpic  -g -O2  -c reassign.c -o reassign.o
gcc -std=gnu2x -shared -L/opt/R/4.5.2/lib/R/lib -L/usr/local/lib -o covr.so reassign.o -L/opt/R/4.5.2/lib/R/lib -lR
installing to /home/runner/work/_temp/Library/00LOCK-covr/00new/covr/libs
** R
** inst
** byte-compile and prepare package for lazy loading
** help
*** installing help indices
*** copying figures
** building package indices
** installing vignettes
** testing if installed package can be loaded from temporary location
** checking absolute paths in shared objects and dynamic libraries
** testing if installed package can be loaded from final location
** testing if installed package keeps a record of temporary installation path
* DONE (covr)
* installing *source* package ‘tidyr’ ...
** this is package ‘tidyr’ version ‘1.3.1’
** package ‘tidyr’ successfully unpacked and MD5 sums checked
** using staged installation
** libs
using C++ compiler: ‘g++ (Ubuntu 13.3.0-6ubuntu2~24.04) 13.3.0’
g++ -std=gnu++17 -I"/opt/R/4.5.2/lib/R/include" -DNDEBUG  -I'/home/runner/work/_temp/Library/cpp11/include' -I/usr/local/include    -fpic  -g -O2   -c cpp11.cpp -o cpp11.o
g++ -std=gnu++17 -I"/opt/R/4.5.2/lib/R/include" -DNDEBUG  -I'/home/runner/work/_temp/Library/cpp11/include' -I/usr/local/include    -fpic  -g -O2   -c melt.cpp -o melt.o
g++ -std=gnu++17 -I"/opt/R/4.5.2/lib/R/include" -DNDEBUG  -I'/home/runner/work/_temp/Library/cpp11/include' -I/usr/local/include    -fpic  -g -O2   -c simplifyPieces.cpp -o simplifyPieces.o
g++ -std=gnu++17 -shared -L/opt/R/4.5.2/lib/R/lib -L/usr/local/lib -o tidyr.so cpp11.o melt.o simplifyPieces.o -L/opt/R/4.5.2/lib/R/lib -lR
installing to /home/runner/work/_temp/Library/00LOCK-tidyr/00new/tidyr/libs
** R
** data
*** moving datasets to lazyload DB
** inst
** byte-compile and prepare package for lazy loading
** help
*** installing help indices
*** copying figures
** building package indices
** installing vignettes
** testing if installed package can be loaded from temporary location
** checking absolute paths in shared objects and dynamic libraries
** testing if installed package can be loaded from final location
** testing if installed package keeps a record of temporary installation path
* DONE (tidyr)
* installing *source* package ‘testthat’ ...
** this is package ‘testthat’ version ‘3.3.1’
** package ‘testthat’ successfully unpacked and MD5 sums checked
** using staged installation
** libs
using C compiler: ‘gcc (Ubuntu 13.3.0-6ubuntu2~24.04) 13.3.0’
using C++ compiler: ‘g++ (Ubuntu 13.3.0-6ubuntu2~24.04) 13.3.0’
gcc -std=gnu2x -I"/opt/R/4.5.2/lib/R/include" -DNDEBUG -I../inst/include -DCOMPILING_TESTTHAT  -I/usr/local/include    -fpic  -g -O2  -c init.c -o init.o
g++ -std=gnu++17 -I"/opt/R/4.5.2/lib/R/include" -DNDEBUG -I../inst/include -DCOMPILING_TESTTHAT  -I/usr/local/include    -fpic  -g -O2   -c test-catch.cpp -o test-catch.o
g++ -std=gnu++17 -I"/opt/R/4.5.2/lib/R/include" -DNDEBUG -I../inst/include -DCOMPILING_TESTTHAT  -I/usr/local/include    -fpic  -g -O2   -c test-example.cpp -o test-example.o
g++ -std=gnu++17 -I"/opt/R/4.5.2/lib/R/include" -DNDEBUG -I../inst/include -DCOMPILING_TESTTHAT  -I/usr/local/include    -fpic  -g -O2   -c test-runner.cpp -o test-runner.o
g++ -std=gnu++17 -shared -L/opt/R/4.5.2/lib/R/lib -L/usr/local/lib -o testthat.so init.o test-catch.o test-example.o test-runner.o -L/opt/R/4.5.2/lib/R/lib -lR
installing to /home/runner/work/_temp/Library/00LOCK-testthat/00new/testthat/libs
** R
** inst
** byte-compile and prepare package for lazy loading
** help
*** installing help indices
*** copying figures
** building package indices
** installing vignettes
** testing if installed package can be loaded from temporary location
** checking absolute paths in shared objects and dynamic libraries
** testing if installed package can be loaded from final location
** testing if installed package keeps a record of temporary installation path
* DONE (testthat)
* installing *source* package ‘vdiffr’ ...
** this is package ‘vdiffr’ version ‘1.0.8’
** package ‘vdiffr’ successfully unpacked and MD5 sums checked
** using staged installation
** libs
using C++ compiler: ‘g++ (Ubuntu 13.3.0-6ubuntu2~24.04) 13.3.0’
using C++11
g++ -std=gnu++11 -I"/opt/R/4.5.2/lib/R/include" -DNDEBUG  -I'/home/runner/work/_temp/Library/cpp11/include' -I/usr/local/include    -fpic  -g -O2   -c compare.cpp -o compare.o
g++ -std=gnu++11 -I"/opt/R/4.5.2/lib/R/include" -DNDEBUG  -I'/home/runner/work/_temp/Library/cpp11/include' -I/usr/local/include    -fpic  -g -O2   -c cpp11.cpp -o cpp11.o
g++ -std=gnu++11 -I"/opt/R/4.5.2/lib/R/include" -DNDEBUG  -I'/home/runner/work/_temp/Library/cpp11/include' -I/usr/local/include    -fpic  -g -O2   -c devSVG.cpp -o devSVG.o
g++ -std=gnu++11 -I"/opt/R/4.5.2/lib/R/include" -DNDEBUG  -I'/home/runner/work/_temp/Library/cpp11/include' -I/usr/local/include    -fpic  -g -O2   -c engine_version.cpp -o engine_version.o
g++ -std=gnu++11 -shared -L/opt/R/4.5.2/lib/R/lib -L/usr/local/lib -o vdiffr.so compare.o cpp11.o devSVG.o engine_version.o -lpng -lz -L/opt/R/4.5.2/lib/R/lib -lR
installing to /home/runner/work/_temp/Library/00LOCK-vdiffr/00new/vdiffr/libs
** R
** inst
** byte-compile and prepare package for lazy loading
** help
*** installing help indices
*** copying figures
** building package indices
** testing if installed package can be loaded from temporary location
** checking absolute paths in shared objects and dynamic libraries
** testing if installed package can be loaded from final location
** testing if installed package keeps a record of temporary installation path
* DONE (vdiffr)

The downloaded source packages are in
	‘/tmp/RtmpjkhTtp/downloaded_packages’
Successfully installed: cowplot 
Package already installed: ggplot2 
Package already installed: tidyr 

===========================================
Package installation completed!
You can now run your R scripts in this directory.
